StudentID,StudyHours,Attendance,HomeworkScores,ProjectScores,MidtermScores,ExtracurricularActivities,StudyEnvironment,OnlineResourcesUsage
1,17.5,99.0,64.9,60.9,67.6,1.0,1.0,1
2,14.3,94.2,72.8,71.4,77.6,1.0,,4
3,18.2,85.6,63.1,75.9,78.2,2.0,2.0,7
4,22.6,78.5,70.4,98.9,83.7,2.0,2.0,1
5,13.8,92.0,50.0,85.6,61.6,3.0,2.0,1
6,13.8,88.9,78.2,66.6,85.1,0.0,3.0,6
7,22.9,94.0,75.0,84.9,50.0,,1.0,4
8,18.8,91.4,62.7,64.5,70.4,4.0,1.0,3
9,12.7,95.5,84.9,90.8,72.1,2.0,,5
10,17.7,79.6,89.1,75.3,85.6,1.0,1.0,9
11,12.7,98.2,50.9,79.1,78.3,,,10
12,12.7,87.0,63.6,93.3,61.1,1.0,1.0,10
13,16.2,100.0,63.5,67.1,66.2,3.0,2.0,10
14,5.4,78.1,60.9,66.0,80.4,3.0,2.0,3
15,6.4,100.0,87.4,74.2,77.1,6.0,1.0,5
16,12.2,87.0,72.1,90.4,71.1,1.0,2.0,10
17,9.9,78.5,71.0,64.8,72.2,3.0,1.0,5
18,16.6,80.2,50.0,60.0,86.4,1.0,1.0,9
19,10.5,81.8,84.5,75.5,71.8,,,10
20,7.9,89.2,56.4,85.5,76.9,2.0,,4
21,22.3,90.2,75.9,92.0,100.0,3.0,1.0,1
22,13.9,79.3,79.2,75.4,60.9,1.0,1.0,10
23,15.3,84.8,95.4,75.9,55.8,2.0,3.0,5
24,7.9,100.0,55.4,91.5,87.4,2.0,2.0,1
25,12.3,100.0,50.0,61.3,69.9,,1.0,6
26,15.6,89.4,77.8,76.1,74.2,1.0,3.0,10
27,9.2,85.4,100.0,81.9,68.6,,2.0,10
28,16.9,86.2,93.6,84.5,74.9,1.0,,7
29,12.0,91.1,78.1,74.9,97.2,,3.0,1
30,13.5,74.8,67.6,80.3,87.6,2.0,1.0,10
31,12.0,82.4,87.1,60.0,88.3,2.0,1.0,4
32,24.3,68.3,60.4,73.4,61.0,5.0,2.0,9
33,14.9,89.0,82.1,84.5,64.2,,2.0,1
34,9.7,91.5,82.6,70.2,50.0,0.0,,9
35,19.1,80.2,90.9,80.6,68.3,2.0,2.0,8
36,8.9,100.0,100.0,84.5,89.5,1.0,3.0,5
37,16.0,72.7,80.9,76.6,84.2,4.0,,6
38,5.2,70.4,67.4,81.7,75.3,4.0,3.0,7
39,8.4,87.2,74.6,70.4,77.7,2.0,3.0,4
40,16.0,95.5,50.0,77.9,69.7,1.0,3.0,6
41,18.7,100.0,64.6,86.1,80.5,,1.0,7
42,15.9,80.4,68.9,81.6,87.2,4.0,1.0,6
43,14.4,95.8,67.1,74.1,58.6,1.0,,6
44,13.5,84.6,77.3,82.2,81.6,8.0,,2
45,7.6,83.3,62.7,87.1,89.2,0.0,2.0,5
46,11.4,93.8,91.8,60.0,73.0,1.0,2.0,3
47,12.7,91.5,75.0,91.6,86.4,3.0,1.0,7
48,20.3,69.2,74.9,76.6,100.0,,1.0,4
49,16.7,99.8,70.1,84.3,76.7,3.0,2.0,1
50,6.2,98.8,77.3,92.0,82.7,2.0,1.0,6
51,16.6,78.7,87.4,66.3,69.1,2.0,1.0,6
52,13.1,89.0,62.0,72.9,80.2,1.0,1.0,7
53,11.6,89.9,65.1,77.1,83.5,2.0,1.0,8
54,18.1,87.6,70.4,72.2,80.3,0.0,2.0,3
55,20.2,79.5,54.8,97.3,65.8,1.0,1.0,6
56,19.7,78.3,62.7,71.4,80.5,0.0,2.0,10
57,10.8,84.7,67.9,74.4,95.5,,,2
58,13.5,96.7,88.1,82.0,83.4,4.0,3.0,9
59,16.7,90.4,78.9,68.0,89.5,3.0,1.0,2
60,19.9,81.3,77.9,76.0,75.2,1.0,,3
61,12.6,92.7,87.8,83.2,87.0,,2.0,10
62,14.1,56.5,72.9,76.7,81.4,,1.0,2
63,9.5,96.5,80.9,79.1,66.6,4.0,3.0,9
64,9.0,67.6,73.5,74.7,81.8,1.0,,1
65,19.1,81.4,79.0,64.9,66.1,0.0,1.0,5
66,21.8,73.8,66.3,83.2,70.4,3.0,1.0,1
67,14.6,72.1,50.0,97.5,80.3,1.0,3.0,5
68,20.0,96.6,73.0,80.2,81.6,3.0,2.0,8
69,16.8,80.3,96.3,82.3,63.7,0.0,1.0,8
70,11.8,88.5,88.9,86.9,90.6,2.0,1.0,8
71,16.8,84.5,89.5,67.3,84.9,2.0,3.0,2
72,22.7,89.8,93.5,97.0,69.5,1.0,2.0,8
73,14.8,85.8,76.3,82.0,59.5,3.0,2.0,5
74,22.8,72.2,78.0,96.3,76.3,,1.0,1
75,5.0,95.0,65.7,72.7,72.6,1.0,2.0,7
76,19.1,80.1,70.3,98.2,79.4,1.0,1.0,6
77,15.4,69.4,84.2,87.8,73.6,3.0,1.0,5
78,13.5,80.7,93.1,85.5,53.9,1.0,,1
79,15.5,100.0,72.9,82.3,73.3,0.0,3.0,1
80,5.1,93.5,68.2,77.5,74.3,1.0,,6
81,13.9,81.5,75.0,92.0,85.6,3.0,1.0,10
82,16.8,81.5,84.0,81.4,69.6,4.0,2.0,7
83,22.4,81.8,53.3,60.3,98.1,2.0,2.0,10
84,12.4,100.0,50.0,68.8,55.1,0.0,3.0,10
85,11.0,88.8,66.7,78.1,93.7,2.0,2.0,1
86,12.5,89.3,56.7,83.1,75.3,1.0,1.0,9
87,19.6,95.3,67.4,79.4,88.3,3.0,3.0,4
88,16.6,87.4,72.8,92.2,79.0,,2.0,5
89,12.4,82.4,68.2,60.5,91.7,2.0,3.0,2
90,17.6,83.0,96.8,81.4,73.4,2.0,2.0,10
91,15.5,84.3,79.9,61.8,64.8,0.0,3.0,8
92,19.8,84.6,79.5,87.6,95.0,,1.0,2
93,11.5,92.3,84.3,79.1,76.6,2.0,1.0,3
94,13.4,85.5,57.9,84.2,80.7,,,9
95,13.0,92.3,90.6,71.4,92.8,2.0,1.0,2
96,7.7,84.2,73.9,92.8,65.6,2.0,1.0,6
97,16.5,85.8,85.1,90.4,85.1,,,4
98,16.3,65.0,58.9,85.8,70.9,,3.0,7
99,15.0,94.2,51.7,78.7,76.4,,1.0,6
100,13.8,88.5,87.3,85.8,78.9,,3.0,10
101,7.9,95.0,80.6,72.9,60.0,2.0,2.0,9
102,12.9,56.0,61.5,88.6,68.7,2.0,,9
103,13.3,100.0,62.0,96.5,94.2,3.0,3.0,10
104,11.0,83.6,91.9,90.7,88.6,2.0,,4
105,14.2,96.1,57.2,72.7,77.2,4.0,1.0,1
106,17.0,74.6,99.6,83.6,80.9,2.0,1.0,2
107,24.4,91.1,61.5,67.1,74.5,,2.0,8
108,15.9,74.5,84.6,85.7,94.3,1.0,2.0,10
109,16.3,78.8,70.1,84.5,75.6,0.0,,8
110,14.6,100.0,84.0,61.3,80.8,2.0,2.0,2
111,5.4,83.1,66.8,68.4,91.8,4.0,2.0,4
112,14.9,87.2,72.6,77.2,68.7,1.0,2.0,1
113,15.3,93.7,75.6,77.0,96.7,0.0,1.0,7
114,27.3,90.0,60.0,67.9,59.6,2.0,,4
115,14.0,86.5,86.1,83.9,97.6,,3.0,8
116,16.5,88.6,67.3,82.5,73.5,0.0,1.0,9
117,14.8,100.0,71.6,78.1,75.1,3.0,1.0,9
118,9.2,84.4,60.1,72.4,55.3,2.0,2.0,3
119,20.7,87.0,50.0,90.5,72.5,3.0,1.0,5
120,18.8,95.5,72.1,96.6,65.5,1.0,3.0,6
121,19.0,96.1,100.0,75.2,70.7,1.0,1.0,6
122,10.5,96.9,86.8,73.9,76.4,2.0,1.0,10
123,22.0,91.4,74.7,84.9,89.5,,1.0,8
124,8.0,73.6,71.1,76.4,80.5,3.0,,6
125,17.9,100.0,75.3,78.6,81.7,1.0,1.0,6
126,26.0,73.5,83.2,87.4,64.9,,2.0,4
127,10.0,88.0,57.3,60.9,67.4,1.0,3.0,7
128,12.2,77.5,91.7,93.2,99.6,3.0,3.0,8
129,15.5,84.4,85.7,80.7,69.2,1.0,1.0,3
130,12.5,88.3,85.8,75.9,97.9,,1.0,7
131,7.2,88.2,81.6,79.1,75.1,2.0,2.0,3
132,15.3,89.2,75.3,79.6,78.0,3.0,,8
133,9.7,100.0,85.1,62.7,90.8,1.0,3.0,1
134,17.4,89.5,83.9,94.9,93.3,3.0,1.0,1
135,10.4,82.6,69.7,80.4,76.7,2.0,2.0,6
136,22.7,94.6,66.4,84.4,73.3,,1.0,10
137,11.1,96.9,76.5,89.5,77.3,2.0,1.0,9
138,13.4,72.7,98.2,69.8,82.1,0.0,1.0,4
139,19.1,91.0,56.4,84.7,88.7,,1.0,6
140,8.8,92.0,53.0,77.3,78.1,2.0,1.0,5
141,16.1,82.0,77.5,88.5,85.4,,1.0,1
142,21.5,98.8,75.8,60.0,97.7,0.0,2.0,6
143,7.0,83.5,77.6,79.0,82.6,4.0,1.0,9
144,15.9,86.3,78.7,74.0,81.7,1.0,2.0,3
145,16.3,83.3,71.7,84.3,59.8,1.0,1.0,3
146,18.9,85.2,97.3,84.7,50.0,,1.0,2
147,8.8,74.0,51.0,72.9,82.7,0.0,1.0,4
148,8.4,70.6,62.6,72.9,76.9,2.0,1.0,10
149,17.6,100.0,73.5,78.9,71.8,1.0,2.0,3
150,16.5,76.5,50.4,71.0,80.9,3.0,1.0,2
151,16.3,75.1,72.4,88.4,77.3,2.0,2.0,1
152,16.7,63.5,99.9,76.3,91.5,5.0,1.0,3
153,11.6,78.6,75.3,60.0,79.0,3.0,2.0,10
154,16.2,71.8,78.5,76.3,69.0,2.0,2.0,6
155,16.5,100.0,56.1,69.6,89.9,2.0,1.0,9
156,11.4,95.1,65.8,63.7,75.4,1.0,1.0,5
157,24.3,78.1,69.4,67.6,84.3,0.0,,3
158,17.4,100.0,70.2,81.1,72.3,1.0,2.0,5
159,9.0,94.8,94.2,93.3,70.2,,1.0,5
160,18.3,81.8,83.4,83.1,79.0,,2.0,5
161,10.1,60.0,58.3,73.9,78.2,1.0,2.0,7
162,18.9,100.0,78.7,84.6,83.8,0.0,,5
163,20.8,71.1,82.5,75.4,74.8,2.0,2.0,7
164,10.9,68.5,92.1,73.1,56.0,3.0,2.0,9
165,19.8,95.2,98.7,68.5,72.8,,1.0,5
166,17.1,100.0,59.8,62.5,87.5,2.0,,2
167,19.1,98.8,62.8,76.1,74.4,3.0,2.0,5
168,24.5,90.6,56.1,81.6,75.0,3.0,1.0,8
169,13.8,90.9,71.5,79.0,89.8,2.0,3.0,4
170,11.2,93.5,82.0,75.8,69.5,,,2
171,10.6,92.6,89.8,70.5,59.5,0.0,3.0,10
172,10.9,87.8,73.9,86.1,76.1,2.0,3.0,3
173,14.6,86.0,70.2,66.8,72.2,2.0,1.0,9
174,16.7,84.4,77.3,87.8,66.4,4.0,,9
175,16.4,77.5,62.5,70.0,75.9,,1.0,8
176,19.1,82.2,100.0,72.5,83.9,2.0,1.0,8
177,15.1,68.1,50.9,65.3,77.9,2.0,1.0,8
178,22.3,84.0,77.8,75.0,81.7,2.0,2.0,8
179,13.7,75.1,100.0,89.8,99.8,1.0,1.0,8
180,28.6,74.0,75.1,85.2,73.9,,1.0,1
181,18.1,86.8,72.1,89.8,81.3,,2.0,6
182,10.7,98.9,69.6,85.2,71.9,,1.0,9
183,9.6,94.2,72.3,69.0,67.8,3.0,1.0,8
184,17.4,69.3,95.6,76.7,71.0,3.0,1.0,3
185,13.9,75.1,50.0,72.2,72.3,1.0,1.0,1
186,18.6,94.4,98.0,93.3,82.3,1.0,1.0,2
187,17.4,75.2,53.6,68.0,100.0,,1.0,2
188,14.6,82.8,71.0,88.9,69.4,,3.0,7
189,10.8,90.5,68.6,88.9,73.0,1.0,,6
190,7.4,75.3,83.8,98.3,77.2,1.0,1.0,2
191,12.8,86.1,51.0,75.9,82.7,0.0,1.0,8
192,19.3,71.7,81.9,87.1,81.2,2.0,1.0,9
193,16.1,79.0,100.0,100.0,93.4,3.0,,7
194,8.8,88.2,54.6,73.8,50.0,2.0,1.0,4
195,15.9,69.1,77.8,64.6,50.0,1.0,1.0,1
196,16.9,89.4,65.1,61.2,72.0,1.0,3.0,4
197,10.6,84.8,81.4,87.1,91.2,,1.0,4
198,15.8,90.5,75.3,61.2,59.2,1.0,1.0,8
199,15.3,87.2,65.4,76.3,50.0,1.0,3.0,4
200,9.3,98.6,82.3,84.4,84.9,3.0,2.0,4
201,16.8,86.3,100.0,81.9,80.9,1.0,1.0,2
202,17.8,80.7,72.1,84.3,64.9,1.0,2.0,10
203,20.4,86.2,85.8,82.2,66.2,3.0,1.0,7
204,20.3,90.4,55.6,92.8,66.4,,2.0,4
205,8.1,85.5,60.7,70.5,79.3,2.0,1.0,6
206,10.3,85.4,82.1,73.2,70.5,,3.0,3
207,17.6,78.0,97.3,72.3,83.9,2.0,3.0,7
208,17.6,78.4,80.3,88.3,50.0,3.0,3.0,6
209,17.6,71.0,70.3,89.0,67.7,3.0,3.0,3
210,30.0,100.0,75.0,84.5,64.5,5.0,2.0,4
211,17.9,72.6,56.2,91.8,74.9,1.0,,10
212,20.7,78.1,84.1,68.2,71.5,3.0,1.0,5
213,19.8,77.8,88.2,96.7,87.6,1.0,2.0,9
214,18.3,93.9,68.2,95.2,55.7,0.0,3.0,6
215,13.4,82.1,67.9,87.4,78.5,2.0,1.0,4
216,18.8,97.5,79.0,97.8,84.7,3.0,3.0,7
217,11.1,78.3,68.4,63.4,100.0,1.0,3.0,2
218,13.8,87.8,74.0,74.8,72.2,4.0,3.0,4
219,12.6,76.6,100.0,72.6,81.9,1.0,3.0,5
220,15.4,100.0,71.3,87.2,56.4,0.0,1.0,4
221,26.6,73.1,69.6,69.5,50.0,2.0,,4
222,5.7,88.1,65.3,87.6,88.1,0.0,1.0,9
223,18.4,91.3,86.2,93.7,77.9,4.0,1.0,2
224,6.9,89.1,72.3,87.0,92.1,1.0,2.0,6
225,12.6,83.1,65.3,82.8,61.5,,3.0,8
226,20.4,83.7,94.8,70.1,84.2,1.0,,8
227,15.3,85.4,96.3,71.5,100.0,1.0,2.0,7
228,9.6,83.5,66.0,92.5,83.0,1.0,,10
229,11.4,94.6,50.0,87.8,81.3,2.0,1.0,4
230,18.4,100.0,90.1,79.6,78.1,1.0,,7
231,11.3,79.4,64.7,75.8,59.1,2.0,1.0,10
232,16.1,71.3,86.9,60.0,94.3,3.0,2.0,6
233,15.2,84.1,50.0,69.3,70.7,4.0,1.0,6
234,11.7,100.0,88.4,99.1,84.1,2.0,1.0,2
235,25.7,77.0,56.8,67.2,59.2,2.0,1.0,8
236,18.2,100.0,86.0,81.9,63.8,3.0,,8
237,5.0,100.0,75.2,90.1,95.2,3.0,1.0,7
238,15.9,79.5,60.7,67.5,73.8,2.0,1.0,9
239,11.7,90.7,68.9,81.8,95.4,3.0,1.0,8
240,19.3,100.0,85.3,89.4,77.1,,3.0,9
241,11.0,81.2,76.6,80.1,55.9,4.0,1.0,9
242,14.4,83.0,83.8,100.0,88.7,0.0,2.0,6
243,17.5,79.2,100.0,63.3,70.9,5.0,2.0,2
244,19.3,74.9,51.5,90.6,86.4,2.0,2.0,7
245,9.0,78.5,99.3,78.3,78.3,1.0,3.0,3
246,13.3,72.8,76.6,87.7,59.5,1.0,1.0,7
247,12.6,85.3,61.5,84.4,80.0,1.0,1.0,9
248,11.7,77.3,55.0,72.7,100.0,2.0,1.0,10
249,23.8,87.3,72.2,82.3,83.9,,2.0,10
250,17.0,69.4,88.8,61.4,77.3,4.0,1.0,2
251,8.7,88.3,73.1,86.0,90.9,3.0,,6
252,19.6,93.3,97.7,83.0,80.5,0.0,,6
253,25.6,65.1,53.2,86.4,80.5,2.0,2.0,9
254,20.2,88.7,74.8,90.6,64.9,0.0,1.0,9
255,7.4,97.3,56.2,83.7,80.8,,2.0,5
256,12.6,72.9,80.5,81.5,90.4,,2.0,5
257,21.3,100.0,88.3,71.2,68.0,3.0,1.0,9
258,11.5,89.2,68.7,72.9,95.1,2.0,1.0,8
259,17.2,77.9,50.0,91.9,76.9,2.0,,7
260,18.9,84.4,78.0,94.4,67.3,1.0,2.0,8
261,10.4,90.6,81.6,77.6,90.0,0.0,,6
262,14.7,85.8,81.1,80.5,74.6,2.0,1.0,3
263,5.0,90.4,93.5,71.0,87.1,3.0,2.0,7
264,9.9,75.8,58.9,91.7,74.5,,3.0,8
265,13.7,86.7,85.2,86.7,77.3,3.0,2.0,8
266,8.8,70.9,92.9,99.4,83.9,3.0,1.0,1
267,23.2,83.9,50.0,71.2,81.5,0.0,1.0,7
268,7.8,76.0,79.8,76.2,54.1,1.0,3.0,3
269,12.8,77.6,67.4,82.3,64.5,,1.0,2
270,15.7,97.4,73.8,86.5,89.2,1.0,3.0,2
271,22.2,95.9,80.2,77.8,76.4,4.0,,8
272,7.8,91.1,67.7,71.3,71.7,0.0,1.0,9
273,20.8,74.1,64.9,88.8,61.7,1.0,3.0,3
274,15.1,81.8,75.5,87.2,65.0,4.0,1.0,3
275,10.1,97.1,58.7,70.8,53.7,1.0,3.0,6
276,17.3,86.4,58.7,93.6,76.8,2.0,1.0,10
277,16.0,100.0,85.2,91.7,70.8,4.0,1.0,1
278,12.0,88.9,57.8,81.3,66.4,2.0,2.0,6
279,15.3,86.9,85.0,80.8,77.2,3.0,2.0,3
280,13.1,81.9,81.9,85.5,82.4,1.0,1.0,4
281,15.6,86.3,50.0,71.4,100.0,,,9
282,18.3,83.5,64.8,80.3,59.9,1.0,,3
283,22.9,92.1,92.9,60.0,91.9,3.0,1.0,1
284,8.8,94.6,60.3,88.8,89.7,3.0,1.0,3
285,25.7,77.1,68.0,64.4,68.7,1.0,1.0,7
286,5.2,71.7,81.9,95.0,80.4,3.0,1.0,7
287,14.2,66.6,86.8,76.7,72.5,3.0,1.0,5
288,17.9,90.1,71.2,77.9,80.2,3.0,1.0,1
289,16.4,74.0,66.0,73.7,96.1,2.0,1.0,8
290,11.9,63.5,96.3,77.1,85.3,0.0,1.0,10
291,14.0,88.9,100.0,94.2,84.1,4.0,3.0,8
292,12.5,100.0,89.7,60.0,72.8,1.0,1.0,10
293,12.1,84.9,76.3,92.8,60.2,,3.0,10
294,19.2,93.4,62.9,83.4,75.5,2.0,2.0,10
295,16.8,85.8,62.5,67.9,92.5,1.0,2.0,2
296,11.5,84.0,82.8,69.2,59.7,,2.0,10
297,19.5,94.2,81.3,96.8,65.3,6.0,,3
298,16.5,82.1,96.0,70.5,79.5,0.0,1.0,4
299,19.1,87.7,84.8,68.5,66.2,4.0,,1
300,18.1,88.2,52.5,91.4,68.5,2.0,,4
301,10.9,78.3,90.8,83.4,72.9,1.0,2.0,5
302,12.2,94.9,60.0,70.6,61.6,2.0,3.0,3
303,18.7,83.3,69.2,82.2,66.3,4.0,,10
304,18.1,77.4,78.8,69.7,86.4,1.0,2.0,2
305,14.9,90.4,100.0,91.0,62.3,2.0,2.0,6
306,15.6,76.0,100.0,90.6,58.8,2.0,1.0,8
307,21.4,85.3,84.1,85.3,70.4,5.0,1.0,7
308,12.0,84.9,72.3,83.6,86.8,1.0,2.0,1
309,17.7,95.9,83.0,97.6,75.6,0.0,,4
310,14.0,89.7,88.3,80.0,72.4,2.0,1.0,3
311,13.9,84.7,70.2,68.2,78.5,1.0,3.0,6
312,20.5,93.2,100.0,84.5,57.1,,1.0,9
313,19.1,98.9,78.5,100.0,83.9,1.0,,9
314,19.1,90.6,82.5,69.9,82.6,1.0,1.0,7
315,21.5,85.1,85.0,76.4,73.1,,,9
316,15.1,71.9,81.3,84.2,90.1,2.0,1.0,8
317,18.4,74.3,87.6,79.5,64.5,2.0,1.0,5
318,13.4,81.9,65.7,70.2,91.5,0.0,2.0,9
319,16.6,78.9,66.6,91.2,79.9,3.0,2.0,7
320,14.3,83.1,58.5,100.0,74.0,1.0,1.0,5
321,15.5,85.6,81.6,82.0,77.8,1.0,1.0,8
322,18.0,90.3,86.7,71.0,76.7,,1.0,7
323,10.9,84.3,81.9,64.5,92.6,1.0,2.0,9
324,25.5,89.9,100.0,82.6,65.1,0.0,1.0,10
325,10.0,85.6,74.9,91.0,68.8,1.0,1.0,1
326,8.9,65.2,85.0,84.8,90.4,2.0,3.0,9
327,20.8,75.6,58.6,80.0,70.9,,3.0,7
328,19.0,83.6,69.2,74.1,88.8,,1.0,1
329,18.1,72.9,85.4,69.1,98.4,1.0,1.0,1
330,18.1,91.0,87.7,88.3,73.2,4.0,1.0,5
331,14.9,100.0,70.6,89.1,86.2,3.0,,8
332,10.5,97.2,73.9,64.5,64.2,0.0,2.0,9
333,15.4,82.9,52.2,95.9,87.1,1.0,1.0,6
334,11.6,99.9,69.6,85.7,80.4,3.0,,10
335,19.9,86.5,88.4,94.0,83.7,3.0,1.0,8
336,14.3,81.6,83.6,66.6,70.3,1.0,1.0,6
337,10.9,78.9,82.5,66.3,58.1,,1.0,6
338,13.4,82.0,75.7,78.5,84.0,3.0,1.0,4
339,17.1,81.1,75.1,85.0,53.2,1.0,1.0,5
340,12.2,86.7,65.1,98.0,74.2,0.0,1.0,2
341,10.9,86.6,85.5,87.1,89.3,2.0,1.0,3
342,16.2,85.0,81.3,77.6,80.3,3.0,1.0,3
343,16.2,89.4,82.4,69.7,100.0,2.0,2.0,5
344,12.5,96.9,67.1,92.3,90.3,3.0,1.0,5
345,12.6,94.5,50.0,70.4,70.2,0.0,1.0,6
346,16.2,70.2,91.5,96.3,78.3,2.0,2.0,5
347,7.8,59.5,67.8,77.2,77.4,,2.0,6
348,8.0,94.3,62.1,95.9,59.0,4.0,3.0,8
349,11.4,71.3,85.4,86.8,66.7,2.0,1.0,2
350,13.9,82.8,69.1,78.6,71.3,2.0,1.0,4
351,16.6,73.3,90.9,74.8,53.6,1.0,2.0,6
352,22.4,67.0,84.3,76.6,78.6,,2.0,5
353,19.3,90.4,85.3,84.3,75.0,0.0,1.0,1
354,14.2,92.6,54.5,80.8,57.9,,,9
355,14.9,79.2,93.2,74.1,82.9,0.0,1.0,3
356,10.0,59.1,78.9,78.3,86.6,1.0,3.0,2
357,14.9,79.5,69.5,80.8,80.7,3.0,,9
358,13.6,88.9,77.2,60.0,74.1,,2.0,7
359,16.6,70.2,50.0,84.6,85.1,,,5
360,10.9,86.8,81.1,70.2,86.2,1.0,2.0,6
361,17.6,84.8,59.6,68.5,81.7,2.0,1.0,4
362,22.7,90.8,54.7,63.1,68.1,0.0,1.0,1
363,14.5,86.2,52.2,62.1,81.3,2.0,1.0,4
364,17.0,75.3,91.7,66.4,92.3,,1.0,9
365,18.5,97.0,65.6,72.9,70.8,3.0,2.0,1
366,13.0,83.4,98.0,99.5,100.0,,1.0,10
367,16.1,84.7,67.0,74.7,71.7,2.0,1.0,3
368,15.1,75.7,50.0,81.8,78.4,2.0,2.0,5
369,15.5,80.6,58.3,84.0,69.9,2.0,3.0,7
370,11.1,76.2,93.5,81.3,80.7,0.0,,9
371,15.1,83.3,72.7,79.2,57.1,,1.0,6
372,17.5,100.0,66.8,68.0,71.4,2.0,1.0,3
373,22.3,71.3,77.4,94.5,64.9,1.0,2.0,7
374,19.8,68.9,82.5,98.1,79.6,3.0,1.0,4
375,25.8,99.7,91.8,63.2,89.9,1.0,2.0,3
376,11.2,82.9,96.7,69.8,85.8,,1.0,7
377,19.4,78.3,69.6,77.2,50.0,,1.0,7
378,15.9,95.4,55.1,70.4,100.0,1.0,3.0,4
379,25.9,78.9,68.8,85.1,81.5,1.0,1.0,7
380,11.0,100.0,78.9,72.7,68.7,,1.0,2
381,10.8,91.8,60.5,100.0,79.9,3.0,,1
382,12.0,80.1,60.6,91.9,80.1,2.0,1.0,2
383,5.0,100.0,80.2,82.1,70.0,2.0,,4
384,12.4,78.9,74.3,90.3,80.4,,1.0,8
385,11.2,92.4,75.5,91.1,70.7,1.0,1.0,3
386,15.8,88.0,63.6,74.4,73.1,3.0,,10
387,16.7,98.0,71.5,71.8,69.8,2.0,,6
388,24.4,100.0,61.1,80.8,60.8,,2.0,6
389,19.8,85.3,88.4,88.6,79.8,1.0,2.0,9
390,12.1,77.5,90.5,81.4,85.0,3.0,2.0,9
391,10.5,89.6,50.0,64.2,84.2,1.0,1.0,4
392,17.5,78.2,61.1,72.0,87.8,2.0,1.0,9
393,8.4,100.0,52.6,79.3,81.9,1.0,1.0,6
394,24.2,86.4,65.2,79.2,71.6,3.0,1.0,2
395,20.9,81.3,73.7,99.7,88.1,3.0,1.0,10
396,12.7,86.8,53.3,66.1,61.7,1.0,2.0,6
397,6.4,71.5,61.2,85.1,67.2,2.0,2.0,2
398,21.8,75.3,59.9,94.9,66.4,0.0,3.0,8
399,14.4,97.0,78.1,100.0,91.0,2.0,1.0,4
400,21.2,78.4,76.0,76.0,89.3,2.0,,5
401,7.0,74.5,64.2,84.9,83.8,0.0,3.0,8
402,12.0,90.4,77.7,85.7,90.9,,2.0,8
403,15.0,96.9,66.8,82.0,67.4,4.0,1.0,6
404,15.2,92.2,70.9,79.0,82.2,0.0,1.0,4
405,12.7,95.0,100.0,84.4,76.5,3.0,1.0,1
406,18.1,77.4,95.1,60.0,88.2,1.0,1.0,7
407,9.7,70.8,55.5,86.8,76.6,2.0,2.0,8
408,14.3,100.0,87.4,81.3,73.4,3.0,1.0,9
409,15.6,81.8,87.2,77.8,84.5,,1.0,2
410,17.6,82.5,57.8,100.0,88.5,0.0,2.0,1
411,18.6,98.3,87.3,73.3,70.0,0.0,2.0,4
412,9.4,90.6,98.1,76.0,77.3,1.0,1.0,5
413,7.3,89.6,58.2,99.9,65.3,4.0,2.0,10
414,21.4,100.0,61.2,71.7,50.0,1.0,1.0,1
415,16.7,78.6,90.3,74.5,80.4,0.0,1.0,5
416,11.3,94.3,79.1,78.5,85.3,2.0,1.0,6
417,22.8,85.6,83.3,88.4,81.1,,,3
418,15.6,87.7,80.1,82.1,54.6,3.0,3.0,7
419,20.9,100.0,80.9,67.1,73.8,3.0,1.0,6
420,15.3,90.1,55.1,74.7,51.4,2.0,2.0,4
421,25.3,90.4,90.7,73.9,94.4,4.0,,3
422,23.8,95.7,92.5,79.2,65.0,0.0,2.0,5
423,13.8,81.4,71.6,84.3,93.1,4.0,1.0,3
424,19.9,76.6,74.3,84.2,89.4,1.0,1.0,10
425,18.2,74.6,52.0,62.2,67.2,2.0,3.0,9
426,21.8,65.3,82.7,90.6,64.4,1.0,2.0,9
427,10.2,100.0,83.6,82.5,82.2,,1.0,6
428,18.4,74.0,74.1,93.8,67.9,4.0,1.0,6
429,20.3,82.8,91.9,84.4,79.2,0.0,1.0,4
430,6.2,82.2,70.0,91.0,72.2,0.0,1.0,4
431,9.1,88.1,83.5,84.7,56.6,3.0,3.0,2
432,5.0,93.2,59.7,93.5,51.2,1.0,3.0,10
433,13.7,93.6,74.6,85.2,80.7,,,4
434,18.6,79.2,72.4,79.0,71.3,1.0,1.0,8
435,22.5,83.3,78.4,100.0,71.4,2.0,3.0,10
436,15.4,87.8,69.5,88.9,86.4,3.0,1.0,2
437,23.1,82.5,73.0,85.7,92.1,3.0,2.0,9
438,8.1,100.0,87.4,67.2,74.7,1.0,1.0,1
439,6.5,89.9,68.4,67.1,73.9,1.0,2.0,2
440,14.7,92.3,50.9,82.9,84.0,1.0,2.0,2
441,16.9,91.6,100.0,81.5,61.7,2.0,,6
442,14.8,96.7,95.7,73.9,80.7,2.0,2.0,7
443,5.0,86.8,55.6,81.4,84.6,4.0,1.0,3
444,14.6,72.0,85.3,95.9,86.2,4.0,2.0,9
445,8.5,89.0,67.5,87.0,54.8,4.0,,5
446,18.3,78.5,79.0,68.6,68.9,2.0,1.0,5
447,16.8,79.7,79.4,78.9,67.5,,1.0,4
448,10.3,90.9,71.5,72.0,79.2,,,9
449,12.4,97.4,63.2,76.1,83.8,2.0,,8
450,9.7,85.2,64.6,75.9,96.0,1.0,1.0,4
451,14.7,88.1,61.3,75.2,72.1,2.0,,4
452,19.8,100.0,62.5,67.4,72.0,2.0,1.0,2
453,10.1,87.4,74.0,78.7,91.8,1.0,3.0,9
454,17.5,100.0,64.3,74.4,81.6,5.0,1.0,3
455,12.3,90.7,85.2,60.0,93.2,1.0,1.0,4
456,11.0,67.4,97.3,100.0,81.5,3.0,1.0,7
457,14.5,92.5,66.3,90.9,64.1,,1.0,10
458,9.8,88.8,78.6,76.2,62.0,3.0,1.0,8
459,12.2,97.9,82.5,80.2,59.4,,1.0,8
460,9.0,91.7,82.1,68.3,85.9,1.0,1.0,4
461,24.8,83.6,76.1,97.0,92.3,,2.0,7
462,15.2,72.8,86.1,99.0,100.0,4.0,,10
463,11.5,82.9,82.2,81.6,88.1,3.0,1.0,1
464,16.1,76.5,56.4,90.2,92.0,,,6
465,14.4,79.2,88.0,81.8,71.0,2.0,,6
466,13.9,90.9,88.3,66.6,64.1,,1.0,6
467,18.1,100.0,63.6,75.9,88.2,3.0,3.0,2
468,18.8,88.9,75.6,81.3,83.0,1.0,3.0,8
469,12.3,73.0,85.2,75.5,79.3,0.0,1.0,5
470,12.1,89.4,71.9,77.8,82.6,,1.0,5
471,13.6,97.0,91.1,79.1,81.9,,1.0,2
472,5.0,78.9,100.0,79.2,93.4,,1.0,4
473,7.4,83.7,63.2,80.5,93.5,3.0,2.0,9
474,21.8,85.1,54.3,69.4,84.5,,1.0,9
475,23.2,77.2,79.6,72.8,88.1,2.0,2.0,6
476,13.8,91.5,85.8,67.2,84.2,,2.0,9
477,17.9,83.8,71.5,89.8,72.5,3.0,2.0,4
478,16.6,89.2,96.8,60.0,87.1,1.0,2.0,1
479,30.0,76.1,54.9,91.5,61.3,1.0,1.0,2
480,20.6,80.6,85.4,93.9,90.6,2.0,1.0,1
481,14.4,92.2,65.9,77.0,63.7,1.0,2.0,8
482,10.2,81.3,100.0,60.0,81.4,1.0,1.0,9
483,7.0,100.0,100.0,76.4,67.9,2.0,1.0,10
484,16.0,81.0,63.5,79.4,84.6,1.0,3.0,6
485,11.2,87.2,66.8,69.9,77.6,3.0,2.0,2
486,7.9,94.3,87.9,74.8,58.9,,1.0,6
487,11.8,70.8,69.2,95.3,83.0,1.0,2.0,9
488,9.6,67.4,74.3,86.6,71.1,4.0,2.0,3
489,23.4,69.7,75.4,70.8,88.6,1.0,1.0,9
490,19.4,97.6,50.0,64.0,78.0,3.0,1.0,2
491,15.0,79.5,74.8,76.7,82.7,1.0,3.0,5
492,22.4,100.0,64.7,77.9,66.5,0.0,1.0,2
493,15.4,79.4,67.6,85.0,70.9,3.0,,7
494,10.7,86.8,96.7,74.6,72.5,1.0,1.0,10
495,22.6,100.0,56.2,85.1,88.3,0.0,,9
496,17.7,100.0,87.2,99.4,98.1,,1.0,7
497,9.8,100.0,70.8,88.2,68.3,,1.0,5
498,14.0,97.1,70.8,79.5,90.9,1.0,1.0,4
499,10.6,95.2,86.9,78.2,52.0,4.0,3.0,4
500,8.1,90.9,80.1,76.4,63.7,2.0,1.0,10
501,19.6,92.8,83.6,91.8,66.5,3.0,2.0,8
502,24.5,79.5,89.5,73.7,61.8,2.0,3.0,10
503,8.0,76.8,70.0,80.5,59.0,1.0,1.0,10
504,17.8,85.0,65.8,80.5,83.0,0.0,3.0,10
505,11.7,83.3,58.7,75.0,75.4,,,10
506,12.6,80.5,62.6,66.3,82.6,0.0,3.0,10
507,12.0,92.0,100.0,83.2,86.3,3.0,1.0,1
508,10.7,94.6,93.7,79.4,81.2,,2.0,5
509,15.2,85.9,54.7,85.0,85.9,0.0,2.0,2
510,10.8,99.8,55.2,74.7,77.2,,3.0,9
511,16.4,73.6,82.2,92.2,63.8,1.0,1.0,7
512,14.7,83.1,83.2,71.2,90.7,4.0,2.0,10
513,13.8,77.8,83.2,97.1,70.9,3.0,1.0,8
514,10.5,66.3,71.2,62.5,66.8,3.0,1.0,6
515,12.1,84.2,73.1,84.3,75.9,1.0,1.0,9
516,18.8,83.8,79.9,84.8,67.0,2.0,2.0,6
517,17.5,100.0,76.3,72.0,73.0,3.0,1.0,7
518,10.1,91.3,50.0,84.2,82.1,3.0,2.0,7
519,15.5,74.8,71.6,92.8,82.2,4.0,3.0,9
520,18.8,100.0,62.2,60.0,67.2,0.0,1.0,8
521,6.7,97.2,77.6,85.0,72.1,0.0,2.0,1
522,17.7,90.8,100.0,60.0,90.9,3.0,1.0,4
523,11.7,82.7,80.5,70.3,84.0,2.0,1.0,7
524,17.9,75.4,70.3,96.3,100.0,,2.0,8
525,11.2,81.3,88.8,74.2,92.2,1.0,3.0,7
526,6.0,95.9,82.2,68.3,91.7,1.0,2.0,3
527,6.9,100.0,81.3,78.0,61.3,3.0,2.0,4
528,15.2,100.0,84.1,100.0,87.2,1.0,,7
529,16.3,80.1,100.0,61.7,77.4,0.0,,8
530,10.5,73.8,58.0,69.5,71.4,,2.0,7
531,18.2,86.4,82.1,95.0,80.0,5.0,,6
532,6.7,67.3,61.1,98.6,89.3,,,9
533,14.7,88.2,83.3,79.0,84.0,0.0,2.0,9
534,8.9,83.5,61.2,67.6,67.5,,1.0,7
535,11.7,80.3,68.7,100.0,86.9,,,8
536,15.2,69.1,70.6,95.9,70.3,1.0,2.0,6
537,10.7,90.1,89.6,86.8,80.6,,2.0,1
538,13.1,79.7,88.8,71.9,74.4,,3.0,1
539,20.0,73.3,56.3,79.5,75.4,1.0,2.0,6
540,12.1,56.3,75.8,78.4,87.2,2.0,1.0,2
541,19.2,84.7,64.4,83.3,65.5,2.0,3.0,8
542,9.4,100.0,56.1,94.5,100.0,1.0,2.0,1
543,17.6,100.0,71.7,88.8,56.1,,,2
544,22.2,80.4,70.4,69.2,70.8,1.0,1.0,8
545,5.0,79.0,100.0,93.8,82.4,0.0,2.0,6
546,11.0,89.7,81.5,83.1,85.0,2.0,2.0,10
547,17.9,75.0,54.3,86.9,76.8,0.0,2.0,2
548,14.0,88.0,66.5,94.7,77.3,,2.0,2
549,16.9,92.7,90.3,68.9,82.9,0.0,2.0,7
550,12.0,97.3,100.0,79.6,75.2,,,5
551,15.4,84.0,51.2,74.7,94.7,,2.0,5
552,14.2,83.0,50.0,64.3,88.1,1.0,1.0,8
553,20.8,76.2,100.0,83.5,88.5,,,7
554,16.3,76.7,80.8,100.0,66.4,2.0,1.0,9
555,16.7,82.7,62.0,61.6,77.0,2.0,,4
556,12.9,88.7,83.0,79.7,74.4,,3.0,10
557,12.6,94.1,50.0,86.4,65.9,4.0,2.0,4
558,12.8,77.0,75.1,81.2,82.3,,2.0,2
559,17.0,99.9,79.9,78.9,71.5,4.0,1.0,3
560,12.9,82.3,88.9,67.0,85.9,0.0,1.0,1
561,16.4,84.8,59.8,82.3,65.2,2.0,1.0,1
562,25.4,77.5,76.3,72.4,98.6,,2.0,7
563,19.4,60.8,61.1,60.0,67.2,,2.0,5
564,13.4,93.8,78.8,91.9,80.6,4.0,2.0,3
565,21.0,92.4,61.6,89.6,87.5,2.0,1.0,7
566,13.0,82.2,68.9,80.5,71.2,4.0,1.0,2
567,5.0,85.7,60.1,82.3,88.2,,,3
568,10.0,90.2,84.8,90.7,63.2,3.0,1.0,1
569,5.6,69.4,87.9,82.2,95.4,,,8
570,13.2,79.7,71.5,89.0,78.2,1.0,2.0,2
571,15.1,92.9,75.6,77.0,70.8,0.0,2.0,7
572,23.4,72.5,53.3,93.1,74.4,,,9
573,16.6,87.9,70.5,83.2,87.7,2.0,3.0,6
574,13.9,71.4,74.2,81.9,71.0,2.0,1.0,2
575,19.1,89.7,100.0,67.3,69.0,4.0,3.0,2
576,5.0,84.6,58.3,82.9,75.3,,1.0,9
577,16.2,68.8,97.0,71.7,63.9,3.0,,10
578,18.9,96.6,90.0,73.6,99.8,4.0,3.0,8
579,7.6,77.7,79.2,71.8,71.2,4.0,1.0,9
580,20.7,76.9,100.0,69.3,88.0,1.0,2.0,4
581,16.7,87.0,80.6,100.0,80.5,2.0,3.0,4
582,12.9,96.5,80.8,93.3,66.2,3.0,3.0,2
583,18.2,74.8,74.2,99.2,77.9,0.0,3.0,10
584,26.4,85.6,93.4,67.8,87.4,1.0,1.0,1
585,15.9,89.3,91.4,80.7,75.7,2.0,2.0,10
586,16.2,91.9,65.6,67.1,92.3,3.0,1.0,4
587,12.7,86.8,55.2,73.0,90.3,,1.0,10
588,10.8,81.3,72.0,70.8,89.0,1.0,3.0,10
589,19.2,76.7,63.0,92.4,72.5,1.0,1.0,8
590,10.7,85.9,74.0,76.0,65.0,0.0,,2
591,15.4,74.3,93.6,90.7,70.6,2.0,2.0,8
592,12.6,55.8,68.1,86.0,80.4,2.0,2.0,1
593,17.4,89.4,74.4,100.0,84.5,1.0,3.0,1
594,16.7,94.0,75.9,65.2,51.9,2.0,1.0,4
595,20.2,61.4,87.7,92.6,77.9,3.0,,7
596,12.4,74.9,50.0,91.5,79.9,2.0,3.0,9
597,13.7,91.2,65.9,70.3,74.7,2.0,1.0,5
598,10.1,100.0,78.2,90.1,93.5,3.0,1.0,2
599,12.8,85.2,93.0,83.4,83.1,2.0,2.0,7
600,16.9,77.7,67.6,77.7,93.7,,1.0,2
601,18.8,83.2,50.0,71.8,75.4,1.0,,9
602,10.4,98.7,84.3,72.8,89.2,4.0,3.0,9
603,19.3,78.5,65.5,100.0,97.6,5.0,2.0,3
604,21.8,77.0,57.2,80.0,93.7,1.0,3.0,8
605,17.1,80.2,65.6,87.8,64.9,,3.0,4
606,24.4,75.5,72.2,72.1,75.0,4.0,2.0,3
607,11.1,86.2,65.9,72.2,73.9,2.0,1.0,1
608,8.8,100.0,50.0,90.8,83.9,,1.0,5
609,6.1,88.2,88.5,66.5,86.2,3.0,1.0,4
610,22.5,82.5,94.1,75.8,67.9,2.0,3.0,1
611,18.3,82.1,84.8,80.3,78.8,2.0,1.0,10
612,14.7,69.4,57.9,81.1,53.8,0.0,1.0,8
613,16.4,93.8,72.0,78.2,95.3,2.0,2.0,8
614,9.4,84.2,74.9,84.0,71.9,0.0,1.0,8
615,27.2,83.2,84.0,86.9,78.7,4.0,,3
616,15.6,100.0,85.0,87.3,74.3,3.0,2.0,6
617,15.5,88.0,64.0,70.1,91.8,3.0,1.0,7
618,18.6,77.5,76.2,77.2,50.0,0.0,1.0,9
619,17.4,80.7,81.9,91.9,77.8,,1.0,5
620,16.1,96.5,96.8,88.9,76.7,2.0,2.0,9
621,11.0,86.1,85.6,66.3,72.6,1.0,2.0,6
622,17.4,70.6,86.8,83.5,98.7,1.0,1.0,10
623,24.4,94.2,76.3,60.2,67.4,3.0,2.0,10
624,21.7,78.3,96.2,80.5,87.3,,1.0,10
625,23.0,100.0,81.1,99.0,82.3,1.0,3.0,4
626,12.4,95.8,62.1,70.5,93.1,2.0,,1
627,10.1,80.5,96.1,71.7,70.0,1.0,2.0,1
628,14.4,97.8,85.5,87.6,69.2,,,10
629,15.3,85.7,68.4,64.6,91.2,3.0,3.0,5
630,20.5,93.5,67.8,73.7,83.1,2.0,1.0,3
631,6.5,89.8,79.4,86.0,59.5,,1.0,5
632,22.6,76.5,81.9,73.7,71.5,0.0,,5
633,14.2,78.6,78.0,77.6,82.6,,1.0,1
634,12.9,95.3,79.7,87.4,88.1,1.0,,8
635,9.9,81.7,100.0,84.2,69.8,,2.0,5
636,6.7,81.0,91.1,82.7,50.0,,2.0,5
637,19.1,75.4,77.9,76.6,84.3,,1.0,9
638,15.4,89.2,89.1,83.7,63.4,1.0,2.0,8
639,8.6,100.0,59.5,78.8,53.8,,2.0,1
640,8.5,74.3,81.0,84.6,50.0,2.0,3.0,3
641,13.3,85.2,100.0,75.0,87.8,0.0,1.0,7
642,23.3,99.1,71.7,78.2,79.5,,1.0,1
643,13.7,84.2,62.3,70.1,75.3,3.0,,1
644,7.5,89.5,65.2,79.6,94.7,,1.0,5
645,13.8,74.4,58.7,71.9,85.6,,2.0,9
646,13.6,89.3,63.2,68.9,97.4,1.0,3.0,6
647,5.0,83.1,69.4,82.6,61.3,1.0,1.0,10
648,14.7,94.9,53.9,82.1,77.6,0.0,3.0,2
649,13.8,96.9,75.2,87.8,58.6,2.0,1.0,9
650,18.5,100.0,88.5,75.7,75.2,,1.0,6
651,24.2,90.8,61.4,84.1,75.0,,1.0,5
652,20.6,88.3,97.8,85.5,85.5,0.0,1.0,5
653,13.7,86.9,82.7,84.4,78.5,,3.0,3
654,9.5,81.5,90.5,71.7,85.5,0.0,1.0,6
655,27.9,88.4,65.1,81.5,86.4,2.0,2.0,4
656,15.3,82.0,87.8,83.6,100.0,3.0,1.0,10
657,15.1,86.7,58.6,80.1,74.2,,3.0,2
658,14.9,98.2,88.4,60.0,66.7,2.0,1.0,3
659,16.0,74.9,77.6,81.6,81.0,,1.0,9
660,14.3,96.4,83.3,100.0,68.4,1.0,,9
661,12.1,98.2,57.4,76.4,95.8,4.0,1.0,6
662,12.3,83.8,61.6,72.7,74.6,3.0,,10
663,14.8,63.8,84.0,83.7,71.2,3.0,3.0,10
664,12.3,78.9,60.8,83.1,72.3,2.0,2.0,9
665,11.4,98.0,81.9,91.9,86.6,1.0,2.0,4
666,15.5,84.8,54.5,67.4,76.1,,2.0,5
667,13.7,75.0,87.7,87.3,70.3,1.0,1.0,10
668,22.5,80.0,56.5,85.9,98.0,0.0,1.0,6
669,5.0,93.4,83.3,78.6,67.7,3.0,3.0,9
670,20.5,90.5,84.4,83.4,78.4,2.0,3.0,5
671,21.2,82.6,64.5,90.3,85.8,3.0,3.0,8
672,5.0,81.3,83.7,88.7,58.4,3.0,3.0,1
673,13.3,81.1,78.9,68.6,83.8,0.0,,5
674,13.1,75.8,66.9,88.2,65.3,3.0,,10
675,8.0,100.0,59.9,79.4,87.9,2.0,1.0,1
676,11.1,81.8,50.0,80.7,66.4,2.0,1.0,10
677,9.4,97.2,80.2,80.7,86.3,3.0,1.0,6
678,23.8,100.0,51.5,78.5,91.3,1.0,1.0,7
679,19.7,95.0,76.4,91.9,88.3,1.0,2.0,5
680,21.4,80.7,71.0,79.2,81.0,,3.0,1
681,18.6,89.0,85.2,68.8,75.2,,,6
682,9.4,84.8,70.5,76.1,71.1,0.0,3.0,10
683,12.4,76.0,70.1,81.8,95.7,2.0,1.0,5
684,17.4,88.2,86.0,92.3,69.6,4.0,1.0,6
685,8.9,73.2,80.0,86.0,65.6,2.0,,10
686,18.6,96.9,79.7,71.5,86.0,0.0,1.0,7
687,13.8,80.4,82.0,100.0,68.4,1.0,,7
688,13.1,87.0,52.0,82.6,66.6,5.0,1.0,2
689,18.6,87.8,86.4,92.8,60.7,4.0,1.0,3
690,17.2,82.4,84.2,78.5,72.2,4.0,2.0,6
691,13.2,90.9,59.7,85.3,77.0,4.0,,3
692,20.8,80.3,71.3,88.4,80.9,3.0,2.0,2
693,9.6,93.7,74.4,92.2,89.4,2.0,2.0,4
694,18.1,71.5,73.0,90.6,84.3,1.0,1.0,5
695,18.0,86.3,80.0,88.7,75.7,1.0,1.0,10
696,13.5,100.0,96.5,76.8,75.6,1.0,1.0,9
697,16.6,75.0,91.2,74.3,84.1,0.0,1.0,3
698,8.7,78.2,55.3,83.3,93.3,1.0,2.0,3
699,19.6,90.1,84.3,89.3,79.5,,,6
700,14.1,86.8,94.9,77.8,72.4,0.0,2.0,5
701,12.4,88.5,80.8,90.7,66.1,,1.0,6
702,20.2,89.9,91.4,94.5,60.7,3.0,2.0,7
703,11.5,91.3,100.0,70.8,86.0,1.0,2.0,3
704,8.0,96.1,90.4,71.6,84.9,2.0,1.0,5
705,7.2,89.1,78.7,78.6,84.9,1.0,2.0,8
706,18.0,82.6,90.7,83.1,76.5,,1.0,4
707,8.6,91.7,77.2,74.8,94.9,3.0,2.0,10
708,23.8,100.0,75.4,93.5,72.2,1.0,2.0,2
709,5.0,83.7,69.7,84.2,89.5,5.0,1.0,4
710,23.5,75.3,98.5,80.4,77.5,5.0,,2
711,16.1,96.1,62.7,65.6,70.7,1.0,1.0,3
712,14.5,83.8,98.0,66.8,85.1,0.0,,4
713,12.3,63.3,82.5,82.8,82.9,1.0,3.0,4
714,17.0,93.5,54.0,60.0,82.3,,3.0,10
715,14.8,79.6,80.5,90.1,79.0,1.0,,9
716,20.5,84.1,50.0,78.4,77.5,0.0,,10
717,15.6,88.3,84.4,100.0,100.0,3.0,1.0,6
718,15.8,86.9,88.3,100.0,92.2,2.0,1.0,9
719,13.2,92.1,66.1,78.2,86.7,,3.0,4
720,14.7,80.6,76.9,78.9,79.3,0.0,3.0,9
721,16.5,90.1,100.0,90.0,90.1,,2.0,9
722,6.4,82.4,67.4,97.0,84.2,2.0,1.0,6
723,8.3,92.4,59.1,63.6,78.3,1.0,2.0,5
724,18.7,91.2,97.2,62.1,74.4,0.0,,3
725,15.9,75.6,100.0,73.8,77.0,3.0,3.0,5
726,14.1,95.9,75.1,85.8,50.0,0.0,3.0,3
727,15.1,79.6,90.2,85.0,80.5,2.0,2.0,5
728,16.7,93.1,95.1,90.7,72.1,,1.0,5
729,12.3,88.7,63.9,68.0,97.1,1.0,1.0,2
730,11.1,100.0,67.7,60.0,78.2,3.0,1.0,9
731,16.0,82.8,93.5,88.6,63.7,2.0,,7
732,10.1,81.5,100.0,71.7,77.4,3.0,1.0,6
733,17.0,84.8,83.4,60.0,65.4,,1.0,5
734,6.5,82.0,61.8,81.5,83.7,,1.0,4
735,20.1,93.0,100.0,87.9,81.5,2.0,3.0,8
736,17.4,68.8,67.0,78.8,89.5,,1.0,2
737,16.3,74.5,70.0,75.4,68.5,1.0,3.0,8
738,19.9,74.3,80.1,78.4,78.4,1.0,3.0,1
739,23.3,94.5,98.3,76.3,61.6,,,10
740,20.1,100.0,87.8,66.5,86.4,3.0,1.0,1
741,5.8,84.0,81.2,72.9,84.2,4.0,1.0,3
742,8.6,83.3,81.9,85.2,83.9,0.0,1.0,5
743,11.9,85.7,75.7,83.2,78.0,1.0,1.0,6
744,15.1,96.6,83.4,81.7,83.0,2.0,1.0,4
745,17.6,75.7,50.0,70.0,97.3,2.0,,7
746,11.4,87.4,70.6,78.2,74.6,3.0,1.0,7
747,15.9,94.8,78.6,60.0,79.7,,3.0,2
748,11.2,90.0,57.7,81.8,65.0,,1.0,2
749,11.9,86.9,80.8,94.3,67.6,,2.0,2
750,8.0,95.0,71.9,65.3,79.2,0.0,,2
751,10.4,58.0,100.0,74.1,91.2,3.0,,9
752,8.2,91.8,98.6,83.3,74.9,3.0,3.0,5
753,10.1,78.5,68.0,92.5,75.2,3.0,2.0,8
754,20.3,66.7,72.7,75.5,73.1,3.0,3.0,5
755,10.3,90.1,73.9,73.1,71.6,,1.0,5
756,28.2,98.7,68.2,60.3,81.5,5.0,2.0,1
757,17.5,83.6,77.9,81.0,60.0,3.0,1.0,6
758,15.9,94.5,63.6,100.0,93.4,1.0,1.0,4
759,10.7,100.0,58.0,82.8,70.0,,1.0,3
760,18.5,98.1,84.3,79.8,86.7,2.0,1.0,6
761,12.1,100.0,84.4,83.2,62.8,2.0,1.0,2
762,15.6,92.4,62.9,79.9,86.0,0.0,1.0,8
763,27.8,85.8,88.4,71.9,86.1,1.0,,1
764,14.5,69.0,65.5,88.2,82.6,2.0,3.0,9
765,20.7,82.5,78.8,82.3,66.1,,,8
766,11.5,76.6,87.3,80.2,81.0,3.0,2.0,1
767,14.8,100.0,74.5,70.2,63.8,5.0,,10
768,23.9,83.2,81.8,93.0,75.0,2.0,3.0,9
769,11.9,86.2,67.3,86.6,90.4,,3.0,2
770,24.1,90.5,72.1,74.5,87.6,2.0,2.0,3
771,18.5,85.4,71.9,90.0,78.2,1.0,2.0,2
772,12.2,100.0,63.8,75.0,66.3,1.0,,8
773,18.2,78.8,72.3,72.2,85.7,3.0,3.0,2
774,19.9,86.9,51.8,72.4,78.2,,,10
775,18.1,77.6,67.6,62.3,50.2,2.0,3.0,2
776,7.1,71.8,70.7,84.7,87.4,,2.0,1
777,11.4,78.9,71.2,61.7,77.7,2.0,1.0,7
778,13.8,84.6,71.4,67.7,92.4,3.0,3.0,2
779,14.6,80.7,74.1,60.0,64.9,2.0,1.0,10
780,18.1,78.1,82.2,79.1,50.0,3.0,,5
781,15.9,70.9,88.1,78.5,81.3,2.0,1.0,5
782,8.3,84.2,65.3,76.7,81.5,3.0,3.0,3
783,16.9,70.0,57.0,69.6,57.7,0.0,1.0,3
784,18.1,92.6,59.4,68.3,66.3,2.0,1.0,3
785,17.8,85.8,67.7,84.6,100.0,,2.0,6
786,20.4,70.4,69.7,74.5,74.3,3.0,2.0,4
787,19.2,81.9,63.5,83.2,86.8,2.0,2.0,3
788,17.3,77.5,55.6,71.1,70.2,0.0,,2
789,14.6,88.2,68.2,81.8,52.9,1.0,1.0,3
790,6.7,98.4,77.7,93.0,76.0,4.0,,4
791,17.1,66.2,83.9,85.9,74.8,2.0,3.0,6
792,16.0,86.2,66.6,75.9,73.2,2.0,3.0,4
793,16.4,83.4,68.8,82.6,76.6,1.0,1.0,8
794,8.6,91.7,61.1,77.6,81.2,2.0,3.0,3
795,9.6,87.1,74.5,80.1,76.2,1.0,1.0,3
796,20.3,77.5,62.3,76.7,62.8,,,3
797,14.8,81.8,83.6,78.4,83.8,1.0,1.0,8
798,18.4,77.0,50.0,82.1,54.6,2.0,1.0,4
799,15.1,95.8,69.6,70.1,53.4,1.0,2.0,1
800,15.1,85.2,79.5,69.8,86.9,3.0,2.0,2
801,19.7,100.0,77.8,66.1,84.1,1.0,1.0,10
802,12.4,84.4,100.0,64.0,77.3,2.0,1.0,2
803,15.5,77.9,80.2,67.8,61.3,1.0,1.0,3
804,12.7,69.9,59.9,81.6,69.5,,2.0,6
805,12.8,67.0,73.6,71.1,74.8,,,8
806,13.5,69.2,50.0,85.1,58.8,2.0,1.0,1
807,16.1,87.7,73.8,80.3,69.1,0.0,2.0,9
808,12.6,90.1,62.5,60.3,85.8,2.0,,1
809,21.3,69.2,88.7,86.5,95.1,2.0,,10
810,10.5,94.0,66.8,88.1,73.0,,2.0,2
811,14.1,80.2,73.2,70.1,87.1,1.0,,3
812,12.8,86.5,65.5,84.2,55.0,2.0,3.0,7
813,22.2,100.0,100.0,71.4,85.9,0.0,3.0,9
814,16.0,94.0,70.2,81.0,68.4,4.0,2.0,3
815,20.2,82.3,100.0,67.4,81.7,,1.0,8
816,7.6,76.1,87.2,62.1,75.0,1.0,3.0,9
817,16.3,63.5,82.2,76.2,93.8,2.0,1.0,10
818,19.4,77.8,80.5,78.8,67.5,3.0,1.0,7
819,15.4,82.9,80.9,76.0,85.5,,1.0,4
820,20.3,75.1,50.0,68.2,74.6,,,4
821,12.4,83.7,70.8,76.0,76.1,1.0,3.0,4
822,22.0,85.8,87.7,82.7,75.8,3.0,2.0,6
823,26.5,82.8,74.3,79.6,67.9,1.0,,4
824,13.2,78.5,53.9,81.8,77.8,1.0,2.0,5
825,12.8,86.7,74.2,73.3,77.2,1.0,1.0,9
826,22.3,89.4,100.0,91.7,80.9,3.0,1.0,7
827,22.9,74.1,93.7,68.2,79.0,,2.0,8
828,12.4,99.1,74.1,84.9,87.6,3.0,2.0,5
829,12.9,84.0,89.3,91.8,89.1,,1.0,5
830,13.6,85.2,69.5,84.8,65.4,2.0,,7
831,8.3,92.1,50.0,78.0,88.4,0.0,1.0,8
832,10.4,87.3,61.1,74.7,63.8,0.0,1.0,9
833,10.0,94.5,98.4,90.4,85.1,0.0,1.0,2
834,11.2,87.9,70.9,65.8,85.4,,1.0,3
835,14.8,78.9,71.3,70.3,55.1,1.0,,2
836,16.2,88.6,70.5,76.0,79.1,3.0,3.0,10
837,22.8,73.6,100.0,92.4,72.4,1.0,1.0,7
838,10.0,86.1,99.4,83.8,68.9,0.0,2.0,2
839,19.9,84.7,100.0,70.3,94.2,3.0,2.0,2
840,13.9,82.9,72.6,76.9,70.2,2.0,1.0,2
841,14.8,83.7,79.4,73.9,68.3,1.0,1.0,4
842,18.4,66.2,52.3,72.9,78.9,1.0,3.0,1
843,9.4,79.5,97.2,89.8,86.2,3.0,2.0,2
844,16.9,85.9,57.5,66.3,76.3,,,3
845,15.8,86.6,78.3,96.1,92.0,1.0,1.0,7
846,17.5,74.7,58.5,88.3,84.4,,2.0,10
847,16.4,97.7,66.2,90.9,51.9,3.0,1.0,1
848,27.3,76.3,62.4,75.4,71.6,2.0,1.0,6
849,11.8,94.7,65.9,78.5,71.3,,2.0,3
850,12.3,89.3,66.9,65.7,83.8,2.0,1.0,3
851,11.9,78.5,66.8,74.8,50.0,1.0,1.0,4
852,12.2,100.0,87.5,84.9,100.0,2.0,,4
853,11.8,73.1,58.4,93.0,84.4,4.0,1.0,7
854,20.9,94.2,78.3,68.9,79.8,1.0,2.0,3
855,22.1,95.0,93.3,76.3,92.2,0.0,1.0,8
856,12.1,78.3,67.3,78.5,100.0,,,8
857,10.8,98.9,64.2,66.0,88.4,4.0,1.0,7
858,17.4,82.5,71.5,85.9,89.4,2.0,1.0,2
859,12.2,87.9,92.7,72.8,79.6,0.0,2.0,5
860,18.2,87.6,77.9,78.0,76.3,1.0,,6
861,16.0,83.7,67.0,75.5,72.3,0.0,2.0,10
862,7.4,93.1,82.3,72.1,68.1,3.0,1.0,4
863,22.7,92.9,58.5,79.9,69.8,1.0,1.0,10
864,24.0,67.5,85.2,77.8,61.8,2.0,3.0,5
865,11.9,98.0,81.1,76.3,77.1,2.0,2.0,9
866,13.1,68.4,70.4,72.7,57.8,,1.0,7
867,16.4,95.3,62.4,83.2,80.3,2.0,3.0,2
868,16.7,96.3,61.7,96.5,77.6,1.0,1.0,1
869,18.3,74.1,83.0,81.4,79.8,4.0,3.0,2
870,25.1,80.9,93.4,90.0,71.7,2.0,2.0,3
871,14.1,73.9,65.4,66.1,100.0,2.0,2.0,2
872,11.0,82.9,81.9,81.6,94.3,1.0,3.0,3
873,8.1,81.9,50.0,69.0,63.1,4.0,1.0,10
874,11.3,92.8,66.2,65.2,80.8,1.0,2.0,9
875,14.8,98.1,74.5,72.6,70.7,3.0,,4
876,24.0,99.0,61.4,91.9,65.8,2.0,1.0,9
877,12.4,79.4,61.0,89.5,61.9,1.0,1.0,3
878,16.1,82.9,65.0,82.4,83.2,,1.0,1
879,14.9,68.2,79.4,64.7,69.8,0.0,2.0,5
880,20.9,76.9,72.2,78.0,89.6,,2.0,10
881,27.6,94.6,50.0,83.0,89.9,,2.0,10
882,12.3,100.0,50.0,81.8,94.5,,1.0,2
883,12.6,72.7,65.9,61.6,67.8,3.0,1.0,4
884,20.2,79.1,81.9,71.1,83.7,,3.0,2
885,18.4,84.7,50.0,79.4,85.6,3.0,1.0,2
886,24.2,87.8,67.5,85.4,72.3,0.0,2.0,3
887,17.9,76.9,67.1,60.0,68.7,,2.0,5
888,13.2,89.2,95.8,78.4,97.3,1.0,2.0,4
889,18.0,80.3,69.2,81.4,80.7,5.0,2.0,2
890,20.5,84.9,80.7,88.5,85.6,5.0,3.0,10
891,19.1,90.5,77.1,86.9,68.1,3.0,1.0,2
892,17.5,85.1,50.0,85.8,63.4,3.0,3.0,6
893,20.3,80.6,86.5,72.0,71.2,2.0,1.0,7
894,20.8,83.9,78.2,60.9,76.5,2.0,1.0,10
895,21.9,84.1,82.6,76.1,65.2,2.0,1.0,6
896,18.2,81.3,100.0,90.0,77.9,0.0,,7
897,14.2,82.4,50.0,93.9,57.7,,1.0,1
898,15.7,100.0,100.0,87.1,64.6,,,6
899,21.0,90.6,70.7,84.3,86.1,2.0,1.0,3
900,10.9,82.0,79.3,83.8,85.2,,3.0,1
901,16.8,92.0,74.3,74.4,73.3,4.0,,8
902,13.0,81.7,68.6,78.7,65.8,4.0,2.0,4
903,15.1,96.7,66.5,96.7,65.7,2.0,2.0,10
904,21.4,88.7,79.9,70.6,73.5,2.0,1.0,8
905,16.0,83.9,52.2,96.1,85.7,4.0,1.0,10
906,15.2,89.5,86.3,76.8,89.1,2.0,3.0,4
907,8.2,69.3,68.8,93.3,72.0,,1.0,4
908,18.7,73.7,58.0,65.9,64.2,0.0,1.0,10
909,18.2,73.1,68.2,85.9,81.2,0.0,1.0,4
910,25.8,86.4,93.9,72.6,68.1,2.0,1.0,6
911,13.5,100.0,67.0,65.8,71.8,,1.0,9
912,16.1,100.0,80.4,82.2,93.9,3.0,2.0,5
913,16.2,91.4,64.0,90.1,87.9,3.0,1.0,10
914,22.9,90.0,86.4,71.6,79.9,4.0,2.0,8
915,14.5,67.0,85.3,65.0,62.7,1.0,1.0,8
916,16.4,79.6,100.0,79.1,80.5,2.0,1.0,4
917,18.0,77.1,72.4,79.1,90.8,1.0,,10
918,15.9,78.8,85.0,85.5,73.5,1.0,2.0,9
919,12.8,83.3,76.5,89.5,94.2,5.0,1.0,9
920,16.0,80.3,94.4,79.4,93.5,,,5
921,20.4,65.2,64.2,98.6,98.0,,2.0,6
922,9.9,92.5,86.2,82.2,81.7,1.0,2.0,5
923,15.7,74.3,72.1,76.5,85.0,0.0,1.0,3
924,11.5,87.4,74.0,63.9,95.0,1.0,1.0,8
925,21.0,100.0,76.4,77.4,83.4,0.0,1.0,9
926,7.4,75.8,78.8,76.6,72.0,1.0,2.0,4
927,12.2,59.7,73.3,89.6,72.6,3.0,1.0,9
928,16.9,82.1,78.2,84.6,80.9,2.0,3.0,9
929,22.8,96.0,98.7,68.2,62.5,,3.0,7
930,14.7,100.0,89.8,81.7,76.3,3.0,1.0,8
931,12.2,72.7,88.0,86.7,91.2,3.0,1.0,3
932,24.4,90.0,68.2,95.3,51.7,0.0,2.0,5
933,7.8,80.3,61.7,88.9,96.4,2.0,,3
934,5.0,83.9,89.3,87.6,91.5,1.0,1.0,7
935,17.2,100.0,88.1,80.6,72.5,,3.0,6
936,12.5,70.0,97.1,83.9,84.5,0.0,1.0,3
937,9.9,87.5,65.9,92.5,78.0,3.0,3.0,9
938,18.5,89.7,71.6,66.7,92.8,2.0,2.0,1
939,16.2,95.9,50.4,76.5,89.8,4.0,2.0,10
940,12.2,86.0,69.1,72.3,61.2,1.0,1.0,3
941,8.6,88.1,89.9,83.8,85.0,4.0,,10
942,19.4,81.1,68.0,92.3,75.5,1.0,2.0,7
943,18.3,87.7,84.6,74.0,79.0,1.0,1.0,3
944,14.5,81.6,72.1,60.0,69.3,0.0,1.0,3
945,24.2,91.2,79.9,75.9,99.0,4.0,1.0,2
946,9.6,81.3,57.8,89.1,90.5,4.0,1.0,9
947,7.4,88.8,76.3,85.4,69.1,2.0,1.0,4
948,11.5,84.7,50.0,84.3,62.0,2.0,2.0,10
949,14.8,96.3,72.2,77.2,73.4,2.0,1.0,6
950,16.2,84.5,50.5,67.2,83.2,2.0,1.0,2
951,13.8,67.3,93.1,85.2,80.9,4.0,2.0,9
952,16.8,97.6,86.7,71.7,93.0,0.0,3.0,7
953,8.7,75.9,82.0,100.0,87.5,4.0,1.0,10
954,22.2,78.5,97.8,85.7,89.6,1.0,1.0,5
955,14.6,79.0,60.8,74.2,81.9,,2.0,7
956,20.6,98.7,100.0,73.9,61.3,2.0,3.0,4
957,16.7,63.6,89.0,79.1,75.7,,,10
958,17.3,100.0,71.5,77.6,90.7,2.0,2.0,7
959,17.8,95.6,92.0,91.2,77.4,7.0,1.0,2
960,17.2,87.2,58.4,81.9,84.0,5.0,2.0,7
961,18.2,84.5,62.6,72.7,74.2,2.0,1.0,4
962,21.6,87.9,65.9,98.9,65.6,3.0,2.0,4
963,16.0,90.2,67.1,80.5,76.5,2.0,2.0,1
964,18.5,91.5,59.2,87.7,81.7,,,3
965,14.6,90.6,93.3,73.9,70.1,2.0,1.0,5
966,22.2,85.9,71.1,83.6,75.2,,1.0,5
967,11.6,83.0,80.3,83.1,66.7,2.0,2.0,2
968,24.0,83.5,66.4,61.1,91.4,1.0,,4
969,14.8,83.1,50.0,100.0,74.5,,2.0,1
970,7.8,96.3,79.1,92.9,95.4,5.0,1.0,9
971,15.6,90.9,50.0,76.0,96.3,5.0,1.0,1
972,11.6,55.6,74.0,69.0,77.0,1.0,2.0,6
973,19.2,91.6,54.5,83.5,65.9,2.0,1.0,7
974,11.7,86.9,100.0,80.9,53.0,0.0,3.0,3
975,12.8,84.8,88.7,83.6,60.3,1.0,,1
976,5.6,81.1,76.6,81.9,61.5,2.0,2.0,7
977,12.7,96.2,94.0,85.1,94.5,0.0,2.0,3
978,5.0,94.5,62.3,94.5,79.4,,2.0,10
979,7.1,77.3,83.2,85.7,82.7,4.0,1.0,6
980,18.8,89.1,78.0,69.5,51.4,3.0,3.0,6
981,18.9,75.3,79.0,93.6,63.6,3.0,1.0,4
982,17.1,71.2,94.1,96.4,88.6,,2.0,6
983,10.2,78.7,86.0,100.0,81.4,3.0,1.0,10
984,14.8,93.6,79.3,68.8,76.2,,1.0,4
985,15.0,94.5,50.2,82.4,84.8,,1.0,8
986,9.2,90.1,60.6,60.0,97.6,4.0,1.0,9
987,22.5,92.3,73.2,85.5,75.3,0.0,3.0,2
988,19.4,90.2,76.4,74.5,78.8,,1.0,7
989,13.9,78.6,58.0,99.2,80.3,4.0,2.0,9
990,15.1,89.3,100.0,72.3,100.0,2.0,3.0,9
991,16.0,93.0,97.7,63.1,52.8,3.0,1.0,5
992,5.0,92.5,84.0,75.3,86.2,0.0,2.0,1
993,13.8,96.9,76.1,60.2,76.6,0.0,1.0,6
994,11.6,92.1,71.8,87.5,84.8,,1.0,8
995,10.0,88.5,60.7,60.0,70.1,5.0,1.0,1
996,13.6,95.7,76.2,80.3,77.4,1.0,3.0,2
997,24.0,84.7,78.9,60.0,86.5,1.0,1.0,1
998,18.2,76.2,56.4,76.8,100.0,2.0,2.0,5
999,12.1,83.4,80.0,96.4,87.7,2.0,2.0,2
1000,17.9,77.6,72.7,83.6,67.8,1.0,,10
