ParticipantID,TimeTaken,NumberOfAttempts,IPRegion,CodeSimilarity,NumberOfRequests,IsCheater
1,34.96714153011233,1,2,52.22545196380857,2,0
2,28.617356988288154,2,4,64.45683592093805,1,0
3,36.47688538100692,1,4,72.564258858882,3,0
4,45.23029856408026,7,4,55.84915231926288,2,0
5,27.65846625276664,6,4,72.66337303775107,1,0
6,27.658630430508193,1,3,92.65879061289002,3,0
7,45.79212815507391,1,5,79.06605098625266,2,1
8,37.67434729152909,4,4,53.946492751920616,1,0
9,25.305256140650478,5,1,59.58356594151372,2,1
10,35.42560043585965,5,4,73.7272175079278,1,1
11,25.365823071875376,0,5,68.07435749109061,2,0
12,25.34270246429743,5,4,67.93635097730494,0,0
13,32.41962271566034,3,3,76.4633724071795,3,0
14,10.86719755342202,7,2,79.21979607947287,3,0
15,12.750821674869673,3,2,89.84307851380956,1,0
16,24.377124707590273,3,5,67.04832817312423,2,1
17,19.87168879665576,3,2,90.27331415202934,2,0
18,33.142473325952736,4,2,66.93056145563162,0,0
19,20.91975924478789,4,1,52.77164944706169,4,0
20,15.876962986647085,3,5,77.70938255023955,1,0
21,44.65648768921554,3,5,79.39511624474073,4,0
22,27.742236995134643,3,2,96.72701228109301,3,0
23,30.67528204687924,2,2,86.30306630312373,4,0
24,15.752518137865433,4,2,95.88863262472198,1,0
25,24.556172754748175,1,3,95.41736051215048,1,0
26,31.10922589709866,0,4,80.22870551291211,2,0
27,18.490064225776973,7,3,76.38810326682238,0,0
28,33.75698018345672,1,5,77.87204835818,1,0
29,23.99361310081195,1,1,98.91654038386238,4,0
30,27.083062502067232,1,4,88.65838458734794,1,0
31,23.98293387770603,3,1,55.31329523961979,1,0
32,48.522781845089376,1,5,88.92142033907,5,0
33,29.865027752620662,3,5,58.52690244491129,3,0
34,19.422890710440996,6,1,72.36752745028129,4,1
35,38.225449121031886,1,1,60.52298360882671,4,0
36,17.791563500289776,2,1,84.47915327666149,2,0
37,32.08863595004755,3,5,93.86548680965178,2,0
38,10.403298761202244,3,2,64.51809426833405,2,0
39,16.718139511015693,7,1,54.10053706040938,2,0
40,31.968612358691235,5,4,64.92465490374816,3,0
41,37.38466579995411,2,5,83.61809289660971,1,0
42,31.713682811899705,1,3,66.4380063777225,4,0
43,28.843517176117594,7,3,63.90560837769017,2,0
44,26.988963044107113,5,4,59.221759529213244,3,0
45,15.214780096325725,3,2,74.87582134372167,2,0
46,22.801557916052914,2,1,63.79744140785938,2,1
47,25.393612290402125,3,5,86.55051745697415,1,0
48,40.57122226218915,2,1,53.83112009961013,1,0
49,33.43618289568462,4,5,83.20165165556588,1,0
50,12.36959844637266,3,3,61.87800072838849,4,0
51,33.24083969394795,3,1,74.46396305258016,1,0
52,26.149177195836835,6,4,64.30449610156303,2,0
53,23.230779996940413,1,2,86.13843380053979,1,0
54,36.11676288840868,4,4,97.26535201258184,2,0
55,40.30999522495951,2,2,95.85383897349067,3,1
56,39.31280119116199,2,1,79.17131075720455,2,0
57,21.607824767773614,3,1,73.13051516284892,2,0
58,26.907876241487855,3,2,90.91502547196909,0,0
59,33.31263431403564,1,3,84.1663181313865,0,0
60,39.75545127122359,3,5,59.17820571084664,0,0
61,25.2082576215471,2,4,91.04596068065001,3,0
62,28.143410233361827,4,4,71.44421946973551,3,0
63,18.936650259939718,6,4,59.44928299855876,2,0
64,18.037933759193294,5,1,64.08986751982462,0,0
65,38.125258223941984,5,4,63.376351512417116,3,0
66,43.56240028570823,3,5,75.96034873017301,1,0
67,29.27989878419666,3,5,61.71850453389378,1,0
68,40.03532897892024,0,2,56.17832437007881,2,0
69,33.61636025047634,3,1,56.184542530688034,3,1
70,23.548802453948756,4,5,79.16380985695483,2,1
71,33.61395605508414,6,3,86.73796444246892,2,0
72,45.38036566465969,2,1,66.07665044191704,3,0
73,29.641739608900483,1,1,51.732535490700855,6,0
74,45.64643655814006,2,5,56.36124434685054,2,0
75,3.8025489591025554,2,3,95.73472801685286,0,0
76,38.21902504375224,1,2,74.67718297947265,3,0
77,30.87047068238171,2,5,72.67864048075873,0,0
78,27.009926495341325,5,3,51.902458915504546,1,0
79,30.917607765355022,6,1,86.43185111584495,0,0
80,10.124310853991073,4,3,76.40340404660395,5,0
81,27.80328112162488,2,1,60.10404680432604,0,0
82,33.57112571511746,5,5,55.50368800905286,7,0
83,44.77894044741516,4,5,69.16939318159993,2,0
84,24.817297817263526,3,4,91.85809820975129,4,0
85,21.915063971068122,4,4,93.26472796005123,4,0
86,24.982429564154636,0,4,80.14231901978182,1,0
87,39.15402117702074,2,5,86.37682136150713,2,0
88,33.287511096596845,2,2,55.75778937014352,1,0
89,24.702397962329613,3,5,79.40630327339274,2,0
90,35.13267433113356,5,3,83.34828517435909,0,0
91,30.970775493480403,3,5,60.03564214568961,3,0
92,39.68644990532889,5,5,94.00773664551295,2,0
93,22.979469061226474,2,1,59.74983687605099,2,1
94,26.723378534022316,4,1,65.67386799232253,3,1
95,26.078918468678424,5,1,81.02784235117292,0,0
96,15.364850518678814,2,5,81.91750325653653,2,1
97,32.96120277064576,1,2,84.96923704936836,0,0
98,32.610552721798896,0,3,55.600585653410285,0,0
99,30.051134566424608,4,3,92.47322149642777,4,0
100,27.654128666248532,3,2,76.64235661416299,1,0
101,15.846292579495858,4,2,73.56608970525342,2,0
102,25.79354677234641,1,3,99.05488122567547,0,0
103,26.572854834732304,1,4,87.01891484705098,0,0
104,21.97722730778381,2,1,55.900301330968745,4,0
105,28.38714288333991,2,1,87.82695836131204,0,0
106,34.040508568145384,1,3,54.76244669864347,2,0
107,48.8618590121053,2,2,51.373528125649244,1,0
108,31.74577812831839,5,4,70.18129476349486,2,0
109,32.57550390722764,2,3,99.67890864096094,2,0
110,29.255540842338327,3,1,58.74419680974313,2,0
111,10.812287847009586,4,5,83.63221717633951,2,0
112,29.73486124550783,2,2,58.669803310305966,2,0
113,30.602302099410263,2,5,86.23934874791931,1,0
114,54.63242112485286,2,3,75.26768341189131,1,0
115,28.076390352188774,5,1,83.99858550446882,1,0
116,33.015473423336125,3,4,60.14365879571173,5,0
117,29.652882302947567,2,5,87.2814166260251,3,1
118,18.313219623804677,4,4,99.78095298113533,2,0
119,41.42822814515021,7,1,83.28252503129798,1,0
120,37.519330326867745,1,5,74.67399990364389,3,0
121,37.910319470430466,7,4,96.15869943096324,0,0
122,20.90612545205261,3,4,50.79259211159381,2,0
123,44.02794310936099,1,5,86.49617596429106,1,0
124,15.981489372077192,2,1,94.43732584069065,3,0
125,35.868570938002705,1,4,53.08372918104787,1,0
126,51.90455625809979,4,3,72.50320852078791,0,0
127,20.094636748693116,3,5,60.235972697499946,2,0
128,24.33702270397228,2,2,78.32590827939151,3,0
129,30.996513650876413,1,2,82.47714793018302,1,0
130,24.965243458838007,2,1,65.13115914643775,2,0
131,14.493365689338674,3,3,72.99908348390504,1,0
132,30.685629748060272,3,4,63.96697426382798,3,0
133,19.37696286273895,1,2,68.4695582227557,2,0
134,34.73592430635182,7,1,57.97699783442118,1,0
135,20.80575765766197,2,3,94.27797217928156,4,0
136,45.499344050175395,3,3,50.50052052795682,0,0
137,22.167467076637628,4,1,94.12045932218942,7,0
138,26.779384837943244,3,1,78.58394391748692,2,0
139,38.135172173696695,6,4,66.58289220885088,4,0
140,17.69135683566045,5,1,86.15285627301648,3,0
141,32.27459934604129,2,4,75.38760759313321,3,0
142,43.07142754282428,1,4,74.95543290538032,6,0
143,13.925167654387725,5,5,55.50711414594832,1,0
144,31.846338585323043,3,3,69.47580129727044,0,0
145,32.598827942484235,5,3,62.053217292836834,3,0
146,37.8182287177731,1,3,50.784795279813984,1,0
147,17.63049289121918,3,5,68.00498153910567,0,0
148,16.795433869157236,3,4,54.49110647128024,0,0
149,35.21941565616898,3,4,62.84150188625926,1,0
150,32.96984673233186,2,1,54.62583105915472,3,0
151,32.504928503458764,1,5,55.04708127781994,5,0
152,33.46448209496975,4,1,59.95056472075942,1,0
153,23.199752784215093,1,5,99.99246222432001,4,0
154,32.322536971610035,7,1,50.10920714286244,3,0
155,32.93072473298681,2,2,81.93363180602026,2,0
156,22.85648581973632,3,3,57.06218490132787,2,0
157,48.65774511144757,3,3,96.03140683553879,1,0
158,34.73832920911788,6,4,54.681644666681464,3,0
159,18.086965027973513,2,2,97.75315935631183,3,0
160,36.5655360863383,1,3,80.54631937417389,6,0
161,20.253183297726785,5,4,50.06340384577451,2,0
162,37.87084603742452,2,2,94.70035989584031,2,0
163,41.58595579007404,6,3,76.08559006834591,2,0
164,21.793176816482895,3,1,63.13348676652423,2,0
165,39.63376129244322,4,5,88.3639588757815,3,0
166,34.12780926936498,2,2,96.33327769434351,3,0
167,38.2206015999449,0,4,74.1845411573397,2,0
168,48.967929826539475,3,2,65.77767372215554,3,0
169,27.546118839971296,5,4,89.44725619674634,2,0
170,22.462638356425103,3,2,84.08927488942274,1,0
171,21.104855703744768,2,4,94.43762418751362,1,0
172,21.841897150345616,3,3,84.62570063805964,2,1
173,29.22898290585896,3,1,62.176416944976815,1,0
174,33.41151974816644,2,3,96.58296248795095,3,0
175,32.766907993300194,2,1,55.24178736029957,3,0
176,38.27183249036024,3,3,63.39713750534239,1,0
177,30.13001891877907,2,3,76.00973038619428,4,0
178,44.53534077157317,1,2,78.28710130354507,4,0
179,27.35343166762044,2,5,50.76552933134527,2,0
180,57.20169166589619,4,4,89.02863629104701,2,1
181,36.25667347765006,4,4,68.08036592126948,5,0
182,21.428424435837172,4,4,70.32092705010689,2,0
183,19.291075019388877,3,1,90.46847722184728,5,0
184,34.824724152431855,3,4,68.96416958637722,3,0
185,27.76537214674149,1,4,52.36124382473774,3,0
186,37.14000494092092,4,2,58.82198852351752,1,0
187,34.73237624573545,2,3,97.79515861940911,3,0
188,29.27171087343127,2,4,53.520268120125706,0,0
189,21.53206281931595,2,5,67.74656004840081,3,0
190,14.851527753141355,6,4,75.15895835256723,1,1
191,25.53485047932979,1,1,74.664041366928,0,0
192,38.56398794323472,2,1,50.19799715060714,1,0
193,32.14093744130204,2,1,75.05813657287452,5,0
194,17.54261221288012,2,4,69.18862289887046,0,0
195,31.73180925851182,5,2,98.60396677372785,3,0
196,33.85317379728837,3,5,57.95795419969149,1,0
197,21.16142563798867,1,4,67.70770983797475,2,0
198,31.53725105945528,3,2,70.97407425449099,3,0
199,30.58208718446,5,2,69.53467685504744,4,0
200,18.57029702169377,4,4,83.29154138259312,0,0
201,33.577873603482836,4,4,60.77564287738844,1,0
202,35.60784526368234,5,2,61.053577640699594,4,0
203,40.830512431752766,2,2,86.46054742504265,1,0
204,40.53802052034903,3,2,75.01452593390898,4,0
205,16.22330632042909,2,4,70.75778380286552,5,0
206,20.621749600848773,8,2,58.460152583862595,1,0
207,35.1503526720866,3,1,59.37636114560833,2,0
208,35.13785950912209,4,4,50.52758184079503,3,0
209,35.150476863060476,5,1,54.57131344308546,1,0
210,68.52731490654722,4,3,77.84193473451205,3,1
211,35.70890510693167,3,4,94.5936565004205,2,0
212,41.35565640180599,3,3,64.35823825652787,3,0
213,39.54001763493203,1,2,66.38736129480641,1,0
214,36.51391251305798,4,2,55.78028053057561,0,0
215,26.847307553596544,4,5,69.43154728035513,3,0
216,37.589692204932675,3,2,51.86108522846646,0,0
217,22.27174785462428,2,3,95.88003481309501,1,0
218,27.63181393259991,5,2,83.65556740622642,0,0
219,25.146364521708964,1,4,99.53744046966094,2,0
220,30.818741393863224,7,2,94.14115813392468,1,0
221,53.146585666735085,3,5,73.64952968490763,1,0
222,11.327348074082519,4,2,75.98425155751885,1,0
223,36.86260190374514,2,3,59.528802325859694,0,0
224,13.872841288103483,0,3,73.10196714197778,1,0
225,25.280681342105666,4,2,95.15139367464059,0,1
226,40.889505969673664,3,3,52.54267118179106,2,0
227,30.642800190954627,4,3,93.17784014991548,3,1
228,19.222552220706937,3,5,67.04739008213049,2,0
229,22.846962907400318,1,4,94.9756382548155,3,1
230,36.79597748934676,0,5,97.04399531707423,2,0
231,22.696333682828634,3,1,83.5432443500953,1,0
232,32.16458589581975,2,5,83.22118932963389,3,0
233,30.455718399038137,6,2,72.637716885437,0,0
234,23.48399652394183,2,4,91.77701122718537,0,0
235,51.439440893253256,4,2,98.08063792166416,1,0
236,36.33919022318011,3,1,88.75409001695596,4,0
237,9.74857413342393,7,4,81.09683668783546,4,0
238,31.864543147694278,5,3,80.33964479106683,0,0
239,23.38213535231612,4,5,92.47349507918312,7,1
240,38.52433334796224,1,2,77.06018828856492,3,0
241,22.074792615672994,6,1,90.19299431244113,3,1
242,28.85263558533101,1,3,75.44426275871228,4,1
243,35.049872789804574,2,5,53.122213748696204,2,0
244,38.657551941701215,1,3,69.19735044520776,3,0
245,17.997035929442237,3,5,72.22204788357493,1,0
246,26.654987641590516,2,4,57.08086224933086,3,0
247,25.25054688839044,1,3,55.12481645946064,1,0
248,23.46670767426288,0,3,76.77324748284771,1,0
249,47.65454240281097,1,3,54.257181827804104,2,0
250,34.049817109609556,1,4,65.1472583945042,2,0
251,17.391160456649548,5,1,87.2298487981538,2,0
252,39.17861947054776,2,5,98.22160897839905,2,0
253,51.22156197012633,6,3,85.89352902759643,3,0
254,40.32465260551147,2,4,99.6312774226435,3,0
255,14.806300340459867,5,1,84.91689856397014,4,0
256,25.157659271337486,2,5,64.68972353271637,3,1
257,42.669111491866225,1,4,83.60262702526809,2,0
258,22.923305343812192,1,5,85.1078382598452,1,0
259,34.43819428146229,2,3,68.58634923082303,2,0
260,37.74634053429337,3,1,50.88569253046945,4,1
261,20.73069528421917,2,4,85.15998923877434,1,0
262,29.404746439382,1,1,51.08500476377708,2,0
263,1.0,5,3,81.55940390300356,1,1
264,19.756123586657104,5,1,58.180824437127754,1,0
265,27.474318486068398,2,1,78.28017638740216,2,0
266,17.522168180351507,1,2,75.19565126903001,1,0
267,46.32411303931635,3,1,50.67568211530913,4,0
268,15.698586220393674,0,5,68.14329084975518,1,0
269,25.59955513303016,2,4,80.05455836981514,2,0
270,31.307405772860914,6,2,92.43032759493899,1,0
271,44.412732890661154,7,4,94.43210569182585,4,0
272,15.641378488205607,3,4,74.19249850166116,3,0
273,41.63163752154959,3,3,86.42112436497192,1,0
274,30.10233061019587,3,3,65.82272882667289,2,0
275,20.18491348952049,1,2,67.10932028793287,0,0
276,34.62103474263271,3,3,59.723175959115686,3,0
277,31.990596955734702,4,3,78.09740549966196,3,0
278,23.997831228412053,4,3,65.72820754636827,2,0
279,30.69802084990019,1,4,54.21854482192525,4,0
280,26.1468640313824,3,2,84.25030433315894,2,0
281,31.13517345251248,0,4,85.3876603802699,3,0
282,36.62130674521047,2,5,67.99962093895289,1,0
283,45.86016816145352,4,4,53.83616997280114,1,0
284,17.62184501173151,6,5,71.3148858701713,4,0
285,51.330333746562665,3,1,72.11677290251077,3,0
286,10.479122004774982,2,1,83.43354424489465,1,0
287,28.482149049644168,4,5,65.77081956293418,2,1
288,35.883172064845766,2,5,84.12996398906527,1,0
289,32.809918677350325,4,4,93.57442708786942,1,0
290,23.773004801794063,2,5,61.874302118109995,1,1
291,27.918777496427246,6,2,98.94597780599499,0,0
292,25.069990653411672,2,1,69.31840685684034,3,0
293,24.106352430557884,0,1,63.36293425735309,1,0
294,38.496020970210246,5,5,71.07555912551453,3,0
295,33.57015485965047,3,3,54.71987379519296,2,0
296,23.07090404739346,2,3,56.28529532560578,1,0
297,38.995998754332504,5,5,70.72170234841657,5,0
298,33.072995208766095,4,2,88.122226096955,0,0
299,38.1286211883896,4,3,95.01561197872454,6,0
300,36.29628841923612,7,5,83.24089953581355,2,1
301,21.710049890779278,2,2,55.260977761908485,2,0
302,24.398189598030307,2,2,83.60098810902676,0,0
303,37.472936051232615,5,4,81.7713960351486,3,0
304,36.10370265433465,4,2,90.28819591466657,0,0
305,29.790984060358518,3,3,91.26243333260905,1,0
306,31.17327383308782,2,3,93.41015378894895,0,0
307,42.77664895788425,4,5,70.70657572895492,2,0
308,24.084286111641703,4,5,84.8932197676072,0,0
309,35.470973811700375,5,2,63.412517946115535,2,0
310,27.97807347566106,1,1,99.96681399917522,2,0
311,27.823187967727797,2,4,58.766712068843,2,1
312,40.9877685198719,1,1,50.50572158304179,2,1
313,38.2541634898803,4,2,57.4404357259088,5,0
314,38.135096360006386,1,2,88.79361447720633,1,0
315,43.05478807154329,3,1,72.33918382541057,3,0
316,30.210038416327592,1,4,72.37501239052142,1,0
317,36.81952971294964,2,1,97.75114598058343,1,1
318,26.89733243406544,5,5,95.98174540140371,1,0
319,33.24166352488442,4,3,65.55973689020045,1,0
320,28.698569456323153,3,5,60.4529064390433,3,1
321,30.969959649927183,3,3,92.42411049668698,1,0
322,35.95157025436914,5,2,95.30095355221816,3,0
323,21.817793167665275,3,4,77.07984613992434,1,0
324,50.92387275685461,2,1,81.47118555585503,3,0
325,19.93982618500298,1,4,62.84571423461467,0,0
326,17.85811387212268,2,1,90.04013439892623,2,0
327,41.581108735000676,1,5,81.60612142245115,5,0
328,37.91662693962936,2,5,75.17567556489983,2,0
329,36.24119817052155,1,1,53.005427803919794,0,0
330,36.2834550926428,3,4,95.79674812555768,3,0
331,29.877532271530853,3,1,80.7725710192203,3,0
332,21.027456285141685,6,2,59.6345547346484,2,0
333,30.758045581937264,5,5,80.31930584915264,4,0
334,23.228382884878883,6,2,83.87316771199866,1,0
335,39.75119733417751,1,5,76.28851683416127,2,0
336,28.529426184978615,2,5,85.90508689780113,3,0
337,21.745028032074885,4,3,79.07269739643121,0,0
338,26.786141583470066,2,2,97.3884791016074,2,0
339,34.12931454275624,1,2,52.68485392996534,1,0
340,24.36275447196025,4,3,55.31228542347802,1,0
341,21.777796044335687,4,4,58.683581847716994,1,0
342,32.436872114919126,1,2,84.5085535302166,5,0
343,32.44966571108723,4,1,82.27979363749043,4,0
344,24.9305682462887,3,3,94.6029430104847,2,0
345,25.28961694381677,1,2,86.64387264419491,1,0
346,32.32049937357636,2,4,75.41777437822961,1,1
347,15.519156585026758,1,2,99.5915896231815,0,0
348,15.925362256234447,2,5,63.30539780846496,2,0
349,22.81555778747564,2,1,91.6595829892727,1,0
350,27.865528482881526,3,3,71.33951860969597,3,0
351,33.10907565598005,4,5,82.43675694378672,4,0
352,44.753562169495524,4,4,86.3634235226217,2,0
353,38.576596232020194,0,5,81.68770435951681,1,0
354,28.40061470036573,3,5,57.02536515542966,2,0
355,29.809837920973113,0,4,72.14755053739664,3,0
356,19.97470635362191,3,5,78.07191889665621,3,0
357,29.8148686400761,1,3,92.45218795892984,1,0
358,27.113413610798617,4,2,72.18228743992861,2,0
359,33.227185603380896,5,5,95.93736524021257,3,0
360,21.72769056447677,1,3,72.01871115126053,1,0
361,35.193465142411725,3,2,77.43899296315058,2,0
362,45.32738913002578,3,2,89.81428414714006,3,0
363,28.912398515431423,3,5,79.15338422110719,0,0
364,34.01711722098941,2,3,98.01090361914123,2,0
365,36.90143991711113,3,5,83.01679152570638,2,0
366,25.987795281141636,3,4,76.13547270338006,2,0
367,32.24092481810417,4,2,51.179598389039796,1,0
368,30.12592400781795,3,5,70.68664487901648,3,0
369,30.97676098548832,1,2,64.96242096300801,3,1
370,22.269902161445337,2,3,87.40528339437446,2,0
371,30.245101742589426,4,1,60.41388375767729,0,0
372,34.979982912454496,1,5,60.261004364703595,1,0
373,44.51143607795042,4,5,59.47595216186884,3,0
374,39.59270826085207,2,2,56.280780657811796,4,0
375,51.531824575115564,1,3,65.55035018354437,0,0
376,22.326524371119504,5,4,94.29610572217126,0,1
377,38.723206367206785,6,3,88.74642361529774,2,0
378,31.833420057383517,1,5,86.76256081533967,1,0
379,51.89802933217672,7,4,89.86684028249813,2,0
380,21.917017146448487,4,3,63.47089446647858,1,0
381,21.60278157819224,3,1,94.37208453762439,0,0
382,24.00607354555978,3,2,56.86516875708022,0,0
383,8.76104275690193,0,3,66.8172863357791,1,0
384,24.74244978319239,3,3,79.33740594836715,1,0
385,22.40867338446302,3,1,55.145254417100034,4,0
386,31.503937864762076,1,5,86.50650938882124,0,0
387,33.41755975777159,0,2,69.36230241017375,1,1
388,48.761708392158866,2,3,89.22028328042,3,0
389,39.5042383818605,4,4,74.64481427923013,7,0
390,24.23096344337597,6,3,59.043726221266816,0,0
391,21.01585328651642,3,2,86.73809056776722,5,0
392,34.919191715065054,3,3,62.60719779194718,1,0
393,16.797667929793576,2,1,74.54051506340214,1,0
394,48.31458765854354,1,3,53.77666345784538,3,0
395,41.79440120721287,0,3,80.89333272060183,2,0
396,25.308243478952953,2,4,83.29288831081386,0,0
397,12.868654709091224,6,1,68.93371049863919,1,0
398,43.538723741654124,6,1,97.72113901605368,1,0
399,28.85460154747382,3,3,93.70844607410342,0,0
400,42.378163119734616,3,4,85.39704578699974,0,0
401,14.055723412056329,2,3,85.68260372468714,3,0
402,24.006249770462272,5,3,62.62008574710757,3,0
403,30.052436997181832,3,2,82.84076155442244,4,0
404,30.469805937647422,2,2,59.91031326177598,2,0
405,25.499345285207564,2,4,57.20016119599111,1,0
406,36.228499323474985,2,5,99.97339471012901,1,0
407,19.323795706174057,3,2,81.11879657365871,3,1
408,28.576205149787064,1,5,71.54939363285953,2,0
409,31.20295631711899,6,1,64.40822614419757,2,1
410,35.14438834058749,4,2,80.19602218311137,2,0
411,37.1161487808889,6,2,52.47967541100431,2,0
412,18.753579081621307,2,4,54.734049525239755,0,0
413,14.658858292643778,5,5,51.642834887019816,1,0
414,42.77676821898509,2,2,74.95849166313309,1,0
415,33.323140119795916,3,2,80.03033145935913,0,0
416,22.515134634434464,6,4,53.12398806789104,3,1
417,45.51151975522523,6,4,86.06122337494583,4,0
418,31.156746342928585,5,5,61.51975357572822,1,0
419,41.792971840638266,4,1,84.2600726884933,5,0
420,30.67518481410109,3,1,99.09485700176228,0,0
421,50.60747924881987,1,3,84.55529350269256,2,0
422,47.55340842443204,4,2,94.15965264618043,0,0
423,27.510358515209266,3,5,97.40992533715337,7,1
424,39.71570950954356,4,2,74.33755241761577,4,0
425,36.45375949585147,2,5,85.11624897098534,1,0
426,43.68631557532349,2,5,92.59846267779209,0,0
427,20.350765394198955,4,5,67.8304456437193,1,0
428,36.86051459998439,4,2,63.06986582801974,2,0
429,40.58424486849588,1,4,97.32992863891693,4,0
430,12.412605135768857,2,2,86.3151750184409,1,0
431,18.16741487334225,4,5,60.98410666879131,0,0
432,9.607678222398995,2,3,72.45416963380566,2,0
433,27.305931655554424,3,1,89.82258847689047,1,0
434,37.17542255795962,5,5,77.35314954592211,2,0
435,45.02357052096028,2,3,82.49760490829445,0,0
436,30.740947804197752,2,4,87.68841010225262,0,0
437,46.286155455712915,2,5,81.10045944044903,0,0
438,16.198985417851084,2,3,77.00396609610979,1,0
439,12.966175606448452,4,5,87.48071421938867,2,0
440,29.444523011033812,2,2,86.37815177161004,4,0
441,33.840654489393074,2,3,81.49362000915895,3,1
442,29.67305251905907,3,2,67.98947066909648,4,0
443,9.325578999601234,2,2,70.29060461001359,5,0
444,29.108799604872114,2,3,98.52192744420486,0,0
445,16.95530499495147,2,1,55.61929661457629,3,0
446,36.69672548830039,5,3,63.425245862641766,2,0
447,33.66598246096848,4,1,74.62008796021678,1,0
448,20.60120213672645,4,5,91.8364843071893,1,0
449,24.861330826633065,4,5,58.183783186486394,1,0
450,19.407864781110483,4,3,63.847730906230495,4,0
451,29.37320902726828,4,5,53.28991088976195,5,1
452,39.551423205012384,0,4,85.29926330254092,0,0
453,20.142739536644562,1,2,61.910471773780806,2,0
454,35.040465155178445,4,2,69.43373753354753,2,1
455,24.69742381627559,1,1,72.1850723514834,5,0
456,22.071271677376558,4,5,94.56569678032278,0,0
457,28.92969640045442,1,1,70.56651451656184,0,0
458,19.647576775806257,2,2,57.26125099576245,4,0
459,24.463506946528177,2,2,76.21574691700604,3,0
460,18.021221074111516,1,5,98.14789973243148,2,0
461,49.64725132916389,4,4,80.38428205254056,4,0
462,30.352635519717285,7,4,99.16936102302863,1,0
463,23.002744920074143,3,5,92.05536544694351,1,0
464,32.13979910734222,4,5,51.798287810670644,1,0
465,28.876719503091703,5,1,82.9199797688521,1,0
466,27.79030400466777,3,5,64.33834387789418,1,0
467,36.14166700043425,2,4,77.9808427822362,3,0
468,37.57507710047305,3,5,63.96725954656133,1,0
469,24.694988523894725,2,1,67.44352083026452,2,0
470,24.2418175935532,2,1,96.15843558770896,2,0
471,27.24948302848356,4,1,60.33215924458526,1,0
472,6.980788352644151,1,1,93.70545590129151,6,0
473,14.848089378014478,5,3,51.52289040352484,2,0
474,43.66874267444525,2,5,54.54382691848242,5,0
475,46.449677135012834,3,2,92.73375206921318,3,0
476,27.509639604436217,6,5,81.52780154545977,0,0
477,35.765569630557664,3,3,87.3618069019775,0,0
478,33.112501545435364,3,1,60.47088354109271,0,0
479,60.78880808455238,7,3,76.85417277950518,5,0
480,41.195749114345766,3,4,86.86096117856525,2,0
481,28.720824085192334,1,4,81.36570685051312,1,0
482,20.444595593995743,0,5,73.58493834456047,0,0
483,13.935536797424277,3,5,97.98918932188573,1,0
484,32.03463635867223,1,2,83.80786667267228,0,0
485,22.436492547156966,2,2,95.38754001206189,1,0
486,15.777462904023258,1,4,86.48852557868406,5,0
487,23.534271157574736,3,1,86.77317642988416,1,0
488,19.18451996385605,1,3,54.00091348788396,0,0
489,46.871416350725646,2,2,67.97323109269718,5,0
490,38.816397569494505,4,2,92.91847033598293,1,0
491,29.920273586833826,3,1,61.6301931074378,4,0
492,44.79944138890026,4,1,55.77529330782331,1,0
493,30.773683076476182,2,5,66.30530283193967,1,0
494,21.387157986717362,2,3,61.0218942446307,1,0
495,45.23124077269657,3,1,96.26440973965776,1,1
496,35.38910043684659,1,2,93.39833210010656,3,0
497,19.627538456735437,2,2,74.98416151414521,3,1
498,28.096613219163917,4,4,53.0671937241934,2,0
499,21.24381746615243,6,1,85.72811730465781,2,0
500,16.17200269035664,4,5,81.17058656681323,1,0
501,39.26177547531641,1,3,98.52773353642479,3,0
502,49.094166404701305,4,5,77.94766201351885,1,0
503,16.01432426180859,4,2,66.81968617014547,4,0
504,35.62969236690571,1,5,75.95108467892778,1,0
505,23.49357430878173,5,2,98.96316457022581,3,0
506,25.12874616235304,2,2,84.81812162665153,2,0
507,24.07606075761131,1,2,83.59880689635256,1,0
508,21.36009230320184,4,2,62.03407948629427,2,0
509,30.48521627944827,3,2,87.18012587803088,4,0
510,21.69049883588962,3,4,87.51359147358858,2,0
511,32.704568257798385,6,5,65.86444918879526,2,0
512,29.49761890550863,4,4,74.18569161953566,1,0
513,27.610519531335903,9,4,64.7301666470228,2,1
514,20.924363379584022,3,1,62.93525351621433,2,0
515,24.232286694316674,2,1,51.29480351247426,1,0
516,37.55391225825756,3,1,64.26058723266661,0,0
517,35.009171876243805,2,3,77.69849749391375,0,0
518,20.22444755201449,5,1,50.08005937745144,1,0
519,30.993323054292258,4,5,64.16095419048337,3,0
520,37.51387123371789,3,4,94.07051661616251,1,0
521,13.305947188786284,5,5,79.68242925536805,2,0
522,35.43360192379935,3,1,80.39314120404902,1,0
523,23.373762410541534,1,3,70.16821525131766,2,0
524,35.70598668593159,3,3,83.82360717462055,4,0
525,22.36740843457483,7,4,59.496638311517955,1,0
526,11.951178993354809,3,5,90.93734051920958,1,0
527,13.724575621168373,2,2,55.83445599679499,1,0
528,30.48084946661382,5,5,82.80006773265546,3,0
529,32.59722501721482,2,1,67.05746629098415,4,0
530,20.956833748955916,4,2,87.37564852912384,6,0
531,36.38592458777374,1,3,77.488227563301,1,0
532,13.3847993773104,3,4,72.61765192393581,1,0
533,29.339202013526833,8,4,58.47112010466235,6,0
534,17.889838002375434,3,3,81.84107321421764,2,0
535,23.48163892197841,5,1,98.73849217102065,2,0
536,30.47398671316414,6,3,91.28017124535074,3,0
537,21.395866347160478,5,1,53.00040962945059,4,0
538,26.154444557701748,4,2,68.81146891805955,0,1
539,40.0629280921444,3,3,96.27915045951359,3,0
540,24.231081304768512,4,1,75.15218737785108,3,1
541,38.35692112065142,0,2,83.10559129040897,3,0
542,18.70293145342382,8,3,95.62996727956951,1,0
543,35.298041779152825,2,4,93.68973452099404,0,0
544,44.415686206579004,4,3,75.09101877702554,0,0
545,5.283554998727105,0,5,71.88231513288011,1,0
546,22.031047445295233,1,3,66.98463092397935,1,0
547,35.7707212718054,7,5,85.95097215814457,1,0
548,27.969546139570074,4,2,64.34933997357716,1,0
549,33.71145873371309,5,3,62.49438032154501,5,0
550,23.960148132841795,1,2,67.812494730189,3,0
551,30.865897874729,5,2,58.8607528439396,2,0
552,28.443227646079205,1,1,84.75599079728838,1,0
553,41.67782061659807,2,2,80.81203246653061,1,0
554,32.54420843301213,1,2,74.14392670579218,1,0
555,33.37602662075202,4,3,69.51628896307773,3,0
556,25.881230338775325,3,3,95.45312714483657,6,0
557,25.123937759275066,1,4,51.456189249455264,2,0
558,25.67441812180379,3,1,88.45538717536496,4,0
559,33.944521423782966,2,2,95.09547858744443,0,0
560,25.79015519179737,2,1,72.3177289714963,3,0
561,32.89774856896413,1,5,77.53452457353234,6,0
562,50.75400798645439,3,2,97.2231843941019,2,0
563,38.711247034316926,2,1,60.61387576427572,3,0
564,26.73976467832159,3,4,76.00674238923425,2,0
565,42.012139221639444,3,4,73.73605635641064,1,0
566,25.919246269784487,5,2,62.919632393518505,1,0
567,9.618754648221461,6,5,90.9296615186554,2,0
568,19.91913689082596,3,4,94.98002973816179,5,0
569,11.292080789741444,5,4,89.09662898941045,2,0
570,26.484865159586914,2,5,59.76794804243042,1,0
571,30.184183791895517,2,1,54.33743177506908,2,0
572,46.76437312275283,4,4,80.27222426526711,1,0
573,33.269273737641626,3,3,52.8547380254942,2,0
574,27.808994711911357,2,4,83.64129442790421,1,0
575,38.294055811834895,1,1,76.52121101636213,0,0
576,7.88864690992115,5,1,83.13928663718318,2,0
577,32.356145581085656,3,2,79.5085386824872,2,1
578,37.708651938869664,4,3,71.13512847635863,2,0
579,15.214137542201584,1,1,60.04385900701141,0,0
580,41.43754043206929,3,5,65.28510679052442,2,1
581,33.38496407494414,4,3,76.22502871094882,2,0
582,25.847120860991986,2,3,82.5934046823803,2,1
583,36.32781866106285,2,5,88.97415084422641,0,0
584,52.70692857804396,2,4,88.35853592245304,1,0
585,31.818662550584953,4,5,98.63443716305426,3,0
586,32.48220586300336,5,5,64.29207243317047,1,0
587,25.40639100459756,2,4,53.55553541067184,0,0
588,21.501556305352082,2,4,67.28284677709297,2,1
589,38.303358165442454,4,4,87.16472376120383,2,0
590,21.439161740911327,0,4,71.90558255166476,1,0
591,30.715662372193925,3,4,90.88942152947098,2,0
592,25.223425532348834,0,5,77.46631825930075,1,0
593,34.78979825746392,2,2,96.48958613152516,2,1
594,33.33662105286948,2,2,97.39317209995343,0,1
595,40.375399442578995,1,1,53.46522530093743,2,0
596,24.89983601145253,4,2,72.82067198562122,2,0
597,27.301250647066286,5,2,80.4844530624784,2,0
598,20.212362842176926,1,5,62.79362704061064,2,0
599,25.557067399238882,4,4,70.35383896894902,2,0
600,33.77300493044852,0,4,83.88407705588492,2,0
601,37.56988616645352,6,5,61.33671134491807,1,0
602,20.778346758223748,5,2,80.09906764872262,3,0
603,38.6960592010566,1,5,84.8723914082153,3,0
604,43.55637858804951,5,1,54.524815554793335,1,0
605,34.13434903223701,1,4,74.87646580137263,0,0
606,48.76795812558066,4,3,63.15400149620954,0,0
607,22.26210800896427,2,1,86.21931779990223,1,0
608,17.55345296688583,1,1,59.477775426847025,2,0
609,12.212797510957213,3,5,94.61189577690533,2,0
610,44.96044311489183,3,2,71.54706682591635,4,0
611,36.54365656354058,6,4,59.90015151537767,0,0
612,29.44415329089545,0,3,71.90108981751646,1,1
613,32.799686263198204,3,1,70.4371881404264,5,0
614,18.745109527016233,5,3,71.44594797468551,4,0
615,54.45751979616826,1,2,79.27806467487234,0,0
616,31.292211819752275,3,2,76.05868624567688,2,0
617,31.093947946048928,4,3,57.48885658404514,2,0
618,37.25766623898692,2,4,53.27895363233181,5,0
619,34.810092317367136,3,2,86.47077243632702,0,0
620,32.23884024279131,7,3,77.98587179641567,0,0
621,22.095255445546883,1,1,67.95003840396319,2,0
622,34.714683571359956,3,3,90.41789112490369,1,0
623,48.82024496475034,3,3,69.40292371304784,3,0
624,43.454200461549775,1,5,89.79825448003038,0,1
625,45.93186626639397,1,2,65.28780637561873,3,0
626,24.88784323568815,2,4,53.64226487725999,1,0
627,20.10395179741419,2,4,96.63198468999644,3,0
628,28.74213079900352,6,5,69.72755646406866,0,0
629,30.557249122886947,1,4,89.6346286424689,1,0
630,40.94191518470949,3,3,63.95720666111522,1,0
631,13.075353702851807,3,5,82.3182556061828,1,0
632,45.29550319460614,4,1,93.66554366288642,1,0
633,28.419921014210107,2,2,52.082201116999016,3,0
634,25.7311893005258,3,2,91.53178823430446,5,0
635,19.878956247398325,4,2,78.56665024859643,3,0
636,13.451433281342307,2,3,80.37358769542845,2,0
637,38.231705839619146,3,1,76.15790004029913,1,0
638,30.733179671884038,2,5,93.72375516418212,1,0
639,17.10039100258946,4,5,52.17166786178187,4,0
640,17.04921227936384,1,2,63.051419576792405,2,0
641,26.642153007098717,3,1,93.78812694295777,3,0
642,46.69021525289393,5,1,87.6172851265978,1,0
643,27.40408648636395,2,1,50.88225800893029,1,0
644,14.968570468818939,4,4,75.85031416048542,2,0
645,27.542569359140558,2,4,76.47863403563375,1,0
646,27.272764302523296,1,2,70.04410675639552,2,0
647,3.0311335705842843,3,1,64.86966660309949,5,0
648,29.457051334821877,4,1,84.0862425206171,1,0
649,27.69065469791322,7,5,60.38952323523769,3,0
650,36.96206364813418,4,5,89.94742810358531,1,0
651,48.48956094945345,6,2,90.15185803837359,3,0
652,41.26565029547757,4,1,70.76307187864103,3,0
653,27.311113094451695,1,2,64.17740054548239,3,0
654,18.934740912583298,1,5,64.19390907953566,3,1
655,55.733598032498605,7,5,74.1145661998105,3,0
656,30.592184340144883,4,4,85.97896123746793,4,0
657,30.139292919129463,3,2,67.94343454969294,0,0
658,29.758749128899968,3,2,80.50216727288758,3,0
659,31.980847607678548,3,1,69.12422302912972,2,1
660,28.556395880760576,3,1,65.22615945756917,0,0
661,24.263379931197637,1,4,51.24297579578971,5,0
662,24.531410587596078,1,3,50.19570528676953,3,0
663,29.672467297840015,3,3,61.36038389160022,2,0
664,24.565752288662352,0,3,70.32031434004978,1,0
665,22.871542173228356,3,2,92.56305836810301,3,1
666,31.06430227691897,3,2,89.92421214652127,0,0
667,27.450227825791448,0,5,63.3582631293995,0,0
668,45.039929885826886,2,2,62.22702214921497,1,0
669,3.490301916069882,1,2,61.366103553501375,1,0
670,40.91506851922462,2,2,66.96186702644334,2,0
671,42.46085192497629,4,4,74.90993597808426,3,0
672,9.266097675918505,4,2,71.93338860157877,2,0
673,26.573124059196513,1,1,60.91365993907469,3,0
674,26.285591340042085,3,1,56.5225704971809,3,0
675,15.924883052821787,3,5,50.62889062430977,3,0
676,22.221833124091248,2,4,57.698161933325196,3,0
677,18.894241545341714,2,1,85.2678185097059,4,0
678,47.52270443423623,3,4,62.18192846727915,3,0
679,39.35678393147461,2,4,73.43009050607549,2,0
680,42.71555094994159,3,5,79.56505744616223,0,0
681,37.21672064043235,2,4,94.34204514158036,4,0
682,18.709482287827708,1,2,94.44275491967097,5,0
683,24.754797337202262,0,4,87.28668668406794,4,0
684,34.89374561227918,3,5,51.75784960242507,1,0
685,17.778721911080545,4,5,78.75352095427074,0,0
686,37.12998430172388,4,5,89.32917354157533,2,0
687,27.59674601841865,3,1,50.86440223816816,4,0
688,26.251791924504026,3,2,77.48423068282892,1,0
689,37.10959968203491,6,1,92.88820728930148,0,0
690,34.4426331148604,4,3,73.70510379211335,1,0
691,26.3903383418092,4,2,50.20531014487242,4,0
692,41.59329803364248,5,4,50.55066791678037,2,1
693,19.189366724001026,1,5,70.83180187068753,0,0
694,36.15935606944264,4,3,57.750433370837726,3,0
695,35.93101257968384,2,2,83.22253285466297,2,1
696,26.904535606860097,4,1,85.4399632453077,6,0
697,33.26133022242118,5,5,58.89398977303143,2,0
698,17.48886423614697,2,1,94.42666442622425,2,1
699,39.24027019206901,4,2,72.0953922489463,4,0
700,28.15097863557011,1,2,57.142295379596185,3,0
701,24.772769794809605,2,3,88.21257990346977,1,0
702,40.49009225836889,4,4,89.49872500083865,2,0
703,22.95656309457241,1,1,81.96477363327287,2,0
704,15.915387036364404,1,3,92.67327766012767,3,1
705,14.433708264760963,0,5,86.86864860153356,2,0
706,36.06009951345639,3,4,94.11028686134952,1,0
707,17.19570647503717,3,3,71.69440242427397,0,0
708,47.54794181984364,4,1,87.37985640497212,2,0
709,9.18070592116278,2,2,99.98757817145221,2,0
710,46.96456368290038,3,5,86.24655987598096,1,0
711,32.11017467202618,6,1,55.70918901185661,1,0
712,29.032868881296075,2,4,75.91593612145914,0,0
713,24.550809131910505,2,4,79.3673895621514,4,0
714,33.991361143520706,2,2,58.71053375356955,1,0
715,29.623652975751515,4,2,98.14458170890188,0,0
716,41.03301882016521,1,5,58.77898888173081,1,0
717,31.142276486620396,4,5,58.87789598566114,1,0
718,31.503017614618777,3,2,95.75835689872775,2,0
719,26.36387787786144,3,2,73.26027165608355,3,0
720,29.430543762789327,5,4,53.15941396372581,3,0
721,33.07801768892059,3,2,79.90937499692643,2,0
722,12.898316073433744,1,3,80.09131743165239,3,0
723,16.51814577894287,1,1,53.22503793432809,3,0
724,37.43264094022715,3,2,98.6261247816831,3,0
725,31.70865438127942,5,5,77.20149826472878,2,0
726,28.160166636473207,4,3,77.98978610898821,2,0
727,30.18433933065393,2,5,76.00577072511973,1,0
728,33.47581705361671,7,3,80.536588982231,3,0
729,24.602403196906387,0,2,63.214987638687745,2,0
730,22.216952745976872,4,1,64.36206739874204,2,0
731,31.958452550976816,2,5,75.56695448980663,1,0
732,20.21627222384968,3,3,90.33429273817899,0,0
733,34.082527557144715,1,4,52.49322882470894,2,0
734,12.974163957621595,3,2,80.1702106110123,1,0
735,40.29155637325644,1,1,90.3389071253157,2,0
736,34.72597482413043,3,2,57.84586360186136,1,1
737,32.56029734313876,6,4,50.75112709902832,2,1
738,39.82690983945514,3,1,65.6356647570729,1,0
739,46.65474444462576,2,4,79.40718533647991,1,0
740,40.1437006501813,1,2,56.914158670237384,3,0
741,11.591257686683548,4,3,71.30611854862428,3,0
742,17.204230332642986,4,2,77.6160748687139,2,0
743,23.751814223043212,3,2,79.94415473786586,2,1
744,30.260910502108338,1,2,63.72058605001875,1,0
745,35.17659020469123,4,5,70.00148179931458,4,1
746,22.742561868465344,2,4,88.91696145337794,2,0
747,31.867667644770783,4,4,97.06073470603428,1,0
748,22.446170676466775,1,4,93.09401655591286,5,0
749,23.884821970080516,5,5,78.21417508667159,6,0
750,15.933389031517777,3,3,70.51464014719733,4,0
751,20.767667538890958,1,2,66.64783071857092,3,0
752,16.483153943836662,2,3,56.2478283042009,0,0
753,20.241267470226674,1,5,55.32756236080565,1,0
754,40.536417966078396,5,4,84.41788124568288,0,0
755,20.50601111168057,1,2,62.98972080855802,2,0
756,56.32382064837391,3,1,62.73308432162234,0,0
757,34.93317900880889,2,1,99.90975272388928,2,0
758,31.84836123694874,3,3,59.39629789368977,2,0
759,21.416422198187867,2,4,57.40298797444148,3,0
760,37.003098794089915,5,1,54.93426138799603,4,0
761,24.243621737622263,4,3,78.99026725833981,2,0
762,31.220098146453616,5,5,81.39319130010507,2,0
763,55.60084538268795,2,3,68.2613963128441,3,0
764,29.0394010027535,3,3,76.77066677557339,1,0
765,41.49273326285676,2,3,89.41997654724562,2,0
766,22.968235748741126,1,2,90.90520841608742,2,0
767,29.650115095030383,3,3,97.89560378578241,3,0
768,47.7080063563551,1,3,91.21339929614373,3,0
769,23.730329422122324,7,2,78.24207183587133,3,0
770,48.12448557996929,6,2,58.9828482918423,2,0
771,37.07751935455475,3,5,54.98817788514212,3,0
772,24.375332241057322,4,4,52.72559449554296,1,0
773,36.32407739055521,1,1,83.32629158926919,2,0
774,39.7255444962673,1,1,90.37681276989966,2,0
775,36.21809962217196,2,3,75.43419753420395,0,0
776,14.297752801095436,3,5,52.735708741682,3,0
777,22.728628241751316,3,3,76.7735287295669,3,0
778,27.52481364448495,1,1,96.78746307622751,4,1
779,29.255665708999537,4,2,79.88065954662302,0,0
780,36.206720975506784,1,4,90.47137442314074,0,0
781,31.77701000933254,3,5,90.00763241958754,2,0
782,16.64655641289899,3,2,96.60645498903264,1,0
783,33.801978510059634,1,4,88.51143828249366,4,0
784,36.10585745283823,2,5,87.38502570065448,2,0
785,35.5979044793104,4,5,61.70513324853203,3,0
786,40.807807255546216,2,1,52.99625776605407,0,0
787,38.33922154548904,0,2,75.87997325269039,2,0
788,34.59180079228437,4,5,56.22171039733776,1,0
789,29.29834288541353,0,5,98.10979381389956,1,0
790,13.390390664840087,2,4,64.49623813165142,0,1
791,34.296182191325855,5,1,92.64721016921465,1,0
792,32.076876871631114,1,3,69.38123126012297,1,0
793,32.715788371953735,5,1,66.15971249286886,1,0
794,17.232514241796906,4,3,96.75792861883106,0,0
795,19.189434595917376,4,2,68.1661286043112,3,0
796,40.53152853332904,3,2,69.51439543315682,1,0
797,29.60444846143345,6,5,55.304588980645455,0,0
798,36.81500697372624,2,2,83.52233326412546,1,0
799,30.283183761304613,4,5,64.44197072387567,2,0
800,30.29756139495745,2,1,79.28020839197536,3,0
801,39.382838059759976,5,2,79.56758520266047,2,0
802,24.839552717826262,3,1,85.95998477978836,3,0
803,30.961207769409835,3,1,87.26207430862206,1,0
804,25.377247112949576,3,2,75.72262172007697,1,0
805,25.655037725676845,1,1,66.54959738017016,2,1
806,26.908278765313607,3,2,91.8725447417367,1,0
807,32.22133771633713,6,2,65.49328247042423,2,0
808,25.212513783365225,3,2,75.37545472346658,1,1
809,42.55756125573521,1,3,70.0626291601864,2,0
810,21.053926977804963,3,1,92.7539192984844,1,0
811,28.13128355838641,3,4,71.59592655729143,4,0
812,25.60268941725825,2,2,69.30495944187422,2,0
813,44.46977884353733,3,1,84.49118464488187,1,0
814,31.965547765115748,0,5,80.12205549307214,3,0
815,40.31844539468635,8,2,55.362341674792305,2,0
816,15.144396269630281,1,2,75.40844031719816,1,0
817,32.67050265869259,1,4,86.77391941666238,3,0
818,38.89630795623437,3,3,99.60373822956781,3,0
819,30.822839892754242,2,3,81.45734169851596,0,0
820,40.654803750653514,2,2,68.5146533220659,1,0
821,24.827115498996278,3,1,61.30757999010592,0,0
822,44.0934744018558,4,5,93.64151170766601,0,0
823,52.9889812361925,3,5,90.72826060567513,3,0
824,26.37161439560341,7,1,61.696141038969245,1,1
825,25.54497478599228,3,2,60.03160450732867,3,0
826,44.53384477117701,3,5,85.75683884055877,0,0
827,45.795721457307124,3,3,65.74760309593798,2,0
828,24.771399728467316,5,1,65.31993991809789,4,0
829,25.798131829041427,5,4,57.614512353382764,0,0
830,27.182153911394927,4,2,63.198775985491494,0,0
831,16.55549488965723,4,1,71.37537787963248,1,0
832,20.813480535158018,2,5,86.64191686362078,2,0
833,19.95859233247932,6,2,66.8154047206875,2,0
834,22.322024348958713,3,3,66.43021697399213,2,0
835,29.653151126132187,2,2,64.24566262762178,1,0
836,32.342147325365204,6,2,73.91418337555214,3,0
837,45.50500492814077,4,3,59.031834897065764,2,0
838,20.01645959261209,3,3,74.28153670160629,3,0
839,39.843223984765835,3,2,85.2087778097345,1,0
840,27.86011155774491,6,3,51.48952520163111,0,0
841,29.50536290347567,4,1,50.48896901528809,3,0
842,36.74819492166604,2,3,53.75614550772546,0,0
843,18.772779784377015,1,3,76.7830030864056,1,0
844,33.82409746184051,3,2,92.72275415927018,1,0
845,31.66452208213056,4,1,50.244223301012596,0,0
846,34.92451264008149,5,4,96.83306522923405,2,0
847,32.89168643907818,6,4,55.31392557852679,1,1
848,54.55300139910894,2,5,92.09917640291131,2,1
849,23.62260015748684,4,3,74.14273824914734,3,0
850,24.690030449981823,4,3,82.9678693639422,5,0
851,23.768594735752355,0,1,75.53414922235912,2,0
852,24.445228808397452,4,4,73.85241125896773,3,0
853,23.626128726934823,5,5,91.74497141821956,2,0
854,41.89016531107552,2,1,87.79431897839082,3,1
855,44.20504247989855,5,3,74.1701118261502,1,0
856,24.29253706250524,4,4,55.58179646980308,2,0
857,21.676444268957713,5,5,55.770147965720405,0,0
858,34.71415556386404,2,2,90.07697303595377,1,0
859,24.477769557190285,2,4,76.46953106737666,0,0
860,36.32931817755511,0,5,74.07945701096813,3,0
861,32.029230208513,4,1,84.02834206803576,1,0
862,14.84255885002768,1,2,92.94207917071301,2,0
863,45.47505201330061,2,5,81.44365722066526,1,0
864,47.95877673095522,3,5,88.14239511732396,0,0
865,23.872113095156138,2,3,88.26352620584785,2,0
866,26.12298440064016,2,4,67.81307243964795,2,0
867,32.85865390724905,1,3,63.704159782049786,2,0
868,33.34456789987025,3,2,90.05820335875794,1,0
869,36.5854427267283,4,5,68.85893958921218,3,0
870,50.102045387663495,6,3,95.16680032613526,4,0
871,28.230527725059506,3,4,53.48453483650598,2,0
872,22.017027554615463,2,2,52.91087560376698,3,0
873,16.20680771985473,3,1,96.35020800507041,2,0
874,22.69069960058081,1,3,82.42274570907173,6,1
875,29.668730271262028,2,2,68.97996782241661,5,0
876,47.94557863517788,1,1,87.75302074080915,1,0
877,24.823887009638284,3,3,83.61634049968205,1,0
878,32.237879516388986,4,2,76.56005234097981,3,0
879,29.83577103927248,2,2,54.943667133132564,3,0
880,41.88393273448084,2,3,90.60897936463758,6,0
881,55.26932425873622,3,2,93.30115953403123,2,0
882,24.691312270796793,2,5,58.60843442763245,1,0
883,25.10560557481778,2,3,92.52558259885333,0,1
884,40.44160877069072,3,2,93.8923655508282,2,0
885,36.81891489626312,1,1,77.4714306144258,3,0
886,48.46707325736034,6,1,82.80895181113435,2,0
887,35.839281853259635,2,5,69.11186600072458,3,0
888,26.407079092129404,2,3,64.0895823754633,1,0
889,35.90654830692309,2,2,86.09915734758223,1,0
890,41.087035805829075,4,2,93.0937574507904,3,0
891,38.204821811973645,1,1,82.70387764778738,0,0
892,35.07274031107298,2,5,75.57953053232745,1,0
893,40.666746895891535,4,1,57.94623834220858,3,0
894,41.692955904456724,3,1,52.67293563024091,2,0
895,43.82158991037527,3,5,72.28458951233732,1,0
896,36.48709887589643,3,3,52.46747818487106,1,1
897,28.328819196831457,6,2,78.46673159536125,6,0
898,31.467136864333227,3,3,69.13645956588857,1,0
899,42.06508966508357,3,4,87.85945598409847,2,0
900,21.83064329012764,1,4,65.28242484180917,1,0
901,33.686733088729014,2,4,79.6491350483716,1,0
902,26.066611876726395,4,5,76.88417608775502,2,1
903,30.287448229348175,3,1,50.235621276112056,2,0
904,42.78451862607299,3,3,53.61946991321552,1,0
905,31.910990680199035,2,2,64.51841062430103,2,0
906,30.464365481561487,3,4,94.11175405103825,1,0
907,16.401438590200808,1,3,57.35074774498893,3,0
908,37.46253566027221,2,4,85.54471652302709,3,0
909,36.45484181141075,2,4,98.66832830761436,3,0
910,51.6325472330546,3,2,89.52837763455776,3,1
911,26.922217650469992,5,5,62.1472680843522,4,0
912,32.19150327663939,3,1,95.41826302065408,3,0
913,32.49383683710755,6,5,54.6553578254195,0,0
914,45.77453279763475,2,3,73.40709709353679,0,0
915,29.04704467613048,5,5,94.37709538632069,2,0
916,32.790215257703395,6,3,82.06328546284348,3,0
917,36.078965097165394,6,3,70.68222823638494,1,0
918,31.86609123156358,3,1,64.64064333685843,2,1
919,25.535663854494718,4,2,68.75497026591749,2,1
920,31.940899928983075,3,1,75.44708905046431,3,1
921,40.73631749859772,2,5,65.95219649364037,0,0
922,19.7348470058894,5,3,98.44839310411498,1,0
923,31.32969674146876,4,4,96.65388265330725,1,1
924,22.998791850608267,2,4,93.53357341071603,1,1
925,41.950466289248425,0,3,71.09149177613267,0,0
926,14.768130952162252,0,1,84.56508846676144,2,0
927,24.410781527284115,5,2,95.14146535179823,0,0
928,33.772118750645205,6,1,92.5214743839464,0,0
929,45.65524029234341,1,3,70.71635070101038,2,0
930,29.34249738927012,2,3,55.619302466113034,4,1
931,24.448004733068018,5,2,53.78151819172747,1,1
932,48.8115706944059,4,5,78.85320226128513,3,0
933,15.51986099583756,3,5,82.13139676054658,1,0
934,8.011940433799182,2,2,92.4921302298512,2,0
935,34.40014450053332,0,5,64.62575101705156,2,0
936,24.979457756473888,4,4,58.37352452750213,0,0
937,19.78767182869287,5,5,68.95029165890998,3,0
938,37.08356447299353,2,5,67.67875618161375,2,0
939,32.43800713771199,3,5,56.62344770089274,7,1
940,24.359213692632714,7,4,83.6141326256576,1,0
941,17.196956013291057,5,5,75.4345970364688,2,0
942,38.724573282801444,3,4,86.05613780573832,1,1
943,36.50201177958661,1,2,67.63455600848673,1,0
944,29.00824136220617,3,1,66.28511057888511,1,0
945,48.466369960476655,4,2,73.62879265219279,6,0
946,19.299152336738473,1,1,93.87036726975735,0,0
947,14.74474829075261,3,2,52.01406533669902,1,0
948,23.080919301187556,3,1,90.24164086482361,0,0
949,29.544139836445023,4,1,68.44938063288782,6,1
950,32.43339449322692,1,3,92.73095128942388,1,0
951,27.587639421436702,2,1,90.11015044179283,2,0
952,33.520553965142966,3,1,67.43806236980441,4,0
953,17.48460575809556,2,3,84.6938267660808,0,0
954,44.437646040732595,1,5,57.98163783867201,2,0
955,29.178488216074314,1,5,94.8140776081894,2,0
956,41.172958315881274,3,3,70.22455322259547,1,0
957,33.42725346377704,0,4,72.78128076776001,4,0
958,34.567532191537836,3,1,85.28795255184924,2,0
959,35.69767280232204,1,1,91.04201183524255,2,0
960,34.47708560017315,1,3,61.817137166410475,1,0
961,36.42722759867544,7,3,83.06750699384978,1,1
962,43.29152530132431,3,4,69.59990219445743,6,0
963,31.965211697014702,2,5,68.43514620019806,3,0
964,37.09003757588512,4,2,84.50129119703274,2,0
965,29.102643057127732,4,5,69.35916370779671,4,0
966,44.40117215449473,0,1,67.30542500822038,0,0
967,23.2360769794073,3,3,91.79442040631213,0,0
968,48.00940432910816,3,4,55.06380619155032,2,0
969,29.598420493556567,7,5,83.79463114151054,2,0
970,15.692248978819519,3,4,62.43626968953123,3,0
971,31.281044149107892,2,5,50.77491209130952,2,0
972,23.18948342525119,4,1,58.3382134436346,4,0
973,38.406435489887244,2,2,80.33307648879338,6,0
974,23.473760206976092,2,4,85.45635957429687,0,0
975,25.538165667852205,3,4,51.052889177816,2,0
976,11.104592690544692,0,2,51.82127216508601,0,1
977,25.476936807509233,0,4,95.12710574214765,1,0
978,5.761206733710434,3,4,53.66529090568599,0,0
979,14.160971765142767,4,5,94.70910793082857,1,0
980,37.604146561442974,6,5,61.40829568754529,4,0
981,37.85800158650832,4,2,87.00089000791064,2,0
982,34.254575617849646,2,1,65.4866624473006,5,0
983,20.33023856870787,2,4,92.93760128045919,2,0
984,29.5228864385802,8,1,85.02274327121789,3,1
985,29.963974609094315,4,2,70.09067293008476,1,0
986,18.416353108074574,3,2,53.815122708703974,5,0
987,45.0339830176715,1,5,86.63500919354036,2,0
988,38.77362290575671,2,4,80.84423779825907,0,0
989,27.79035826170336,1,3,50.145585891689436,4,0
990,30.268858389945308,3,2,50.47099279862227,1,0
991,32.08382807947552,4,4,90.4396486596347,2,0
992,9.582651315757094,0,1,62.969986940092696,5,0
993,27.528226174794032,2,5,81.80668338640328,2,0
994,23.180157520022014,5,1,72.71072098826238,2,0
995,19.983799901050844,5,2,93.17150072608837,5,0
996,27.188997071140452,3,2,95.84805565512443,0,0
997,47.976865268495224,1,1,99.8403856339427,4,0
998,36.4084286126701,3,2,57.68420679036234,3,0
999,24.28821010217203,2,4,93.14820232377377,5,0
1000,35.72582781356159,5,2,63.30106883644009,0,0
